This is XeTeX, Version 3.141592653-2.6-0.999998 (TeX Live 2026) (preloaded format=xelatex 2026.8.5)  13 SEP 2026 19:36
entering extended mode
 restricted \write18 enabled.
 %&-line parsing enabled.
**sigconf-biblatex.tex
(./sigconf-biblatex.tex
LaTeX2e <2025-11-01>
L3 programming layer <2026-01-19>
(./acmart.cls
Document Class: acmart 2026/06/27 v2.19 Typesetting articles for the Associatio
n for Computing Machinery
(c:/texlive/2026/texmf-dist/tex/latex/xkeyval/xkeyval.sty
Package: xkeyval 2025/11/04 v2.10 package option processing (HA)

(c:/texlive/2026/texmf-dist/tex/generic/xkeyval/xkeyval.tex
(c:/texlive/2026/texmf-dist/tex/generic/xkeyval/xkvutils.tex
\XKV@toks=\toks17
\XKV@tempa@toks=\toks18
\XKV@tempb@toks=\toks19

(c:/texlive/2026/texmf-dist/tex/generic/xkeyval/keyval.tex))
\XKV@depth=\count271
File: xkeyval.tex 2014/12/03 v2.7a key=value parser (HA)
))
(c:/texlive/2026/texmf-dist/tex/generic/xstring/xstring.sty
(c:/texlive/2026/texmf-dist/tex/generic/xstring/xstring.tex
\xs_counta=\count272
\xs_countb=\count273
)
Package: xstring 2023/08/22 v1.86 String manipulations (CT)
)
(c:/texlive/2026/texmf-dist/tex/generic/iftex/iftex.sty
Package: iftex 2024/12/12 v1.0g TeX engine tests
)
Package acmart Info: Not using screen mode on input line 81.
Package acmart Info: Using breaking urls on hyphens on input line 89.
Package acmart Info: Requiring acmthm on input line 97.
Package acmart Info: Not using review mode on input line 106.
Package acmart Info: Not using authorversion mode on input line 114.
Package acmart Info: Not using nonacm mode on input line 126.
Package acmart Info: Explicitly selecting natbib mode on input line 142.
Package acmart Info: Not using anonymous mode on input line 150.
Package acmart Info: Not using timestamp mode on input line 158.
Package acmart Info: Not using authordraft mode on input line 168.
Package acmart Info: Explicitly deselecting natbib mode on input line 183.
Class acmart Info: Using format sigconf, number 4 on input line 183.
Class acmart Info: Using fontsize 9pt on input line 289.

(c:/texlive/2026/texmf-dist/tex/latex/amscls/amsart.cls
Document Class: amsart 2020/05/29 v2.20.6
\linespacing=\dimen148
\normalparindent=\dimen149
\normaltopskip=\skip49
(c:/texlive/2026/texmf-dist/tex/latex/amsmath/amsmath.sty
Package: amsmath 2025/07/09 v2.17z AMS math features
\@mathmargin=\skip50

For additional information on amsmath, use the `?' option.
(c:/texlive/2026/texmf-dist/tex/latex/amsmath/amstext.sty
Package: amstext 2024/11/17 v2.01 AMS text

(c:/texlive/2026/texmf-dist/tex/latex/amsmath/amsgen.sty
File: amsgen.sty 1999/11/30 v2.0 generic functions
\@emptytoks=\toks20
\ex@=\dimen150
))
(c:/texlive/2026/texmf-dist/tex/latex/amsmath/amsbsy.sty
Package: amsbsy 1999/11/29 v1.2d Bold Symbols
\pmbraise@=\dimen151
)
(c:/texlive/2026/texmf-dist/tex/latex/amsmath/amsopn.sty
Package: amsopn 2022/04/08 v2.04 operator names
)
\inf@bad=\count274
LaTeX Info: Redefining \frac on input line 233.
\uproot@=\count275
\leftroot@=\count276
LaTeX Info: Redefining \overline on input line 398.
LaTeX Info: Redefining \colon on input line 409.
\classnum@=\count277
\DOTSCASE@=\count278
LaTeX Info: Redefining \ldots on input line 495.
LaTeX Info: Redefining \dots on input line 498.
LaTeX Info: Redefining \cdots on input line 619.
\Mathstrutbox@=\box53
\strutbox@=\box54
LaTeX Info: Redefining \big on input line 721.
LaTeX Info: Redefining \Big on input line 722.
LaTeX Info: Redefining \bigg on input line 723.
LaTeX Info: Redefining \Bigg on input line 724.
\big@size=\dimen152
LaTeX Font Info:    Redeclaring font encoding OML on input line 742.
LaTeX Font Info:    Redeclaring font encoding OMS on input line 743.
\macc@depth=\count279
LaTeX Info: Redefining \bmod on input line 904.
LaTeX Info: Redefining \pmod on input line 909.
LaTeX Info: Redefining \smash on input line 939.
LaTeX Info: Redefining \relbar on input line 969.
LaTeX Info: Redefining \Relbar on input line 970.
\c@MaxMatrixCols=\count280
\dotsspace@=\muskip17
\c@parentequation=\count281
\dspbrk@lvl=\count282
\tag@help=\toks21
\row@=\count283
\column@=\count284
\maxfields@=\count285
\andhelp@=\toks22
\eqnshift@=\dimen153
\alignsep@=\dimen154
\tagshift@=\dimen155
\tagwidth@=\dimen156
\totwidth@=\dimen157
\lineht@=\dimen158
\@envbody=\toks23
\multlinegap=\skip51
\multlinetaggap=\skip52
\mathdisplay@stack=\toks24
LaTeX Info: Redefining \[ on input line 2950.
LaTeX Info: Redefining \] on input line 2951.
)
LaTeX Font Info:    Trying to load font information for U+msa on input line 397
.

(c:/texlive/2026/texmf-dist/tex/latex/amsfonts/umsa.fd
File: umsa.fd 2013/01/14 v3.01 AMS symbols A
)
(c:/texlive/2026/texmf-dist/tex/latex/amsfonts/amsfonts.sty
Package: amsfonts 2013/01/14 v3.01 Basic AMSFonts support
\symAMSa=\mathgroup4
\symAMSb=\mathgroup5
LaTeX Font Info:    Redeclaring math symbol \hbar on input line 98.
LaTeX Font Info:    Overwriting math alphabet `\mathfrak' in version `bold'
(Font)                  U/euf/m/n --> U/euf/b/n on input line 106.
)
\copyins=\insert252
\abstractbox=\box55
\listisep=\skip53
\c@part=\count286
\c@section=\count287
\c@subsection=\count288
\c@subsubsection=\count289
\c@paragraph=\count290
\c@subparagraph=\count291
\c@figure=\count292
\c@table=\count293
\abovecaptionskip=\skip54
\belowcaptionskip=\skip55
\captionindent=\dimen159
\thm@style=\toks25
\thm@bodyfont=\toks26
\thm@headfont=\toks27
\thm@notefont=\toks28
\thm@headpunct=\toks29
\thm@preskip=\skip56
\thm@postskip=\skip57
\thm@headsep=\skip58
\dth@everypar=\toks30
)
LaTeX Info: Redefining \markboth on input line 291.

(c:/texlive/2026/texmf-dist/tex/latex/microtype/microtype.sty
Package: microtype 2026/03/01 v3.2d Micro-typographical refinements (RS)

(c:/texlive/2026/texmf-dist/tex/latex/etoolbox/etoolbox.sty
Package: etoolbox 2025/10/02 v2.5m e-TeX tools for LaTeX (JAW)
\etb@tempcnta=\count294
)
\MT@toks=\toks31
\MT@tempbox=\box56
\MT@count=\count295
LaTeX Info: Redefining \noprotrusionifhmode on input line 1084.
LaTeX Info: Redefining \leftprotrusion on input line 1085.
\MT@prot@toks=\toks32
LaTeX Info: Redefining \rightprotrusion on input line 1104.
LaTeX Info: Redefining \textls on input line 1449.
\MT@outer@kern=\dimen160
LaTeX Info: Redefining \microtypecontext on input line 2053.
LaTeX Info: Redefining \textmicrotypecontext on input line 2070.
\MT@listname@count=\count296

(c:/texlive/2026/texmf-dist/tex/latex/microtype/microtype-xetex.def
File: microtype-xetex.def 2026/03/01 v3.2d Definitions specific to xetex (RS)
LaTeX Info: Redefining \lsstyle on input line 443.
LaTeX Info: Redefining \lslig on input line 451.
\MT@outer@space=\skip59
)
Package microtype Info: Loading configuration file microtype.cfg.

(c:/texlive/2026/texmf-dist/tex/latex/microtype/microtype.cfg
File: microtype.cfg 2026/03/01 v3.2d microtype main configuration file (RS)
)
LaTeX Info: Redefining \microtypesetup on input line 3065.
)
(c:/texlive/2026/texmf-dist/tex/latex/booktabs/booktabs.sty
Package: booktabs 2020/01/12 v1.61803398 Publication quality tables
\heavyrulewidth=\dimen161
\lightrulewidth=\dimen162
\cmidrulewidth=\dimen163
\belowrulesep=\dimen164
\belowbottomsep=\dimen165
\aboverulesep=\dimen166
\abovetopsep=\dimen167
\cmidrulesep=\dimen168
\cmidrulekern=\dimen169
\defaultaddspace=\dimen170
\@cmidla=\count297
\@cmidlb=\count298
\@aboverulesep=\dimen171
\@belowrulesep=\dimen172
\@thisruleclass=\count299
\@lastruleclass=\count300
\@thisrulewidth=\dimen173
)
(c:/texlive/2026/texmf-dist/tex/latex/refcount/refcount.sty
Package: refcount 2019/12/15 v3.6 Data extraction from label references (HO)

(c:/texlive/2026/texmf-dist/tex/generic/ltxcmds/ltxcmds.sty
Package: ltxcmds 2023-12-04 v1.26 LaTeX kernel commands for general use (HO)
)
(c:/texlive/2026/texmf-dist/tex/generic/infwarerr/infwarerr.sty
Package: infwarerr 2019/12/03 v1.5 Providing info/warning/error messages (HO)
))
(c:/texlive/2026/texmf-dist/tex/latex/totpages/totpages.sty
Package: totpages 2005/09/19 v2.00 Totpages Package (muewi)

(c:/texlive/2026/texmf-dist/tex/latex/everyshi/everyshi.sty
Package: everyshi 2020/11/18 v4.00 EveryShipout Package
))
(c:/texlive/2026/texmf-dist/tex/latex/environ/environ.sty
Package: environ 2014/05/04 v0.3 A new way to define environments

(c:/texlive/2026/texmf-dist/tex/latex/trimspaces/trimspaces.sty
Package: trimspaces 2009/09/17 v1.1 Trim spaces around a token list
))
\@ACM@acmcp@delta=\dimen174

(c:/texlive/2026/texmf-dist/tex/latex/hyperref/hyperref.sty
Package: hyperref 2026-01-29 v7.01p Hypertext links for LaTeX

(c:/texlive/2026/texmf-dist/tex/latex/kvsetkeys/kvsetkeys.sty
Package: kvsetkeys 2022-10-05 v1.19 Key value parser (HO)
)
(c:/texlive/2026/texmf-dist/tex/generic/kvdefinekeys/kvdefinekeys.sty
Package: kvdefinekeys 2019-12-19 v1.6 Define keys (HO)
)
(c:/texlive/2026/texmf-dist/tex/generic/pdfescape/pdfescape.sty
Package: pdfescape 2019/12/09 v1.15 Implements pdfTeX's escape features (HO)

(c:/texlive/2026/texmf-dist/tex/generic/pdftexcmds/pdftexcmds.sty
Package: pdftexcmds 2020-06-27 v0.33 Utility functions of pdfTeX for LuaTeX (HO
)
Package pdftexcmds Info: \pdf@primitive is available.
Package pdftexcmds Info: \pdf@ifprimitive is available.
Package pdftexcmds Info: \pdfdraftmode not found.
))
(c:/texlive/2026/texmf-dist/tex/latex/hycolor/hycolor.sty
Package: hycolor 2020-01-27 v1.10 Color options for hyperref/bookmark (HO)
)
(c:/texlive/2026/texmf-dist/tex/latex/hyperref/nameref.sty
Package: nameref 2026-01-29 v2.58 Cross-referencing by name of section

(c:/texlive/2026/texmf-dist/tex/generic/gettitlestring/gettitlestring.sty
Package: gettitlestring 2019/12/15 v1.6 Cleanup title references (HO)

(c:/texlive/2026/texmf-dist/tex/latex/kvoptions/kvoptions.sty
Package: kvoptions 2022-06-15 v3.15 Key value format for package options (HO)
))
\c@section@level=\count301
)
(c:/texlive/2026/texmf-dist/tex/generic/stringenc/stringenc.sty
Package: stringenc 2019/11/29 v1.12 Convert strings between diff. encodings (HO
)
)
\@linkdim=\dimen175
\Hy@linkcounter=\count302
\Hy@pagecounter=\count303

(c:/texlive/2026/texmf-dist/tex/latex/hyperref/pd1enc.def
File: pd1enc.def 2026-01-29 v7.01p Hyperref: PDFDocEncoding definition (HO)
)
(c:/texlive/2026/texmf-dist/tex/generic/intcalc/intcalc.sty
Package: intcalc 2019/12/15 v1.3 Expandable calculations with integers (HO)
)
\Hy@SavedSpaceFactor=\count304

(c:/texlive/2026/texmf-dist/tex/latex/hyperref/puenc.def
File: puenc.def 2026-01-29 v7.01p Hyperref: PDF Unicode definition (HO)
)
Package hyperref Info: Option `bookmarksnumbered' set `true' on input line 4072
.
Package hyperref Info: Option `unicode' set `true' on input line 4072.
Package hyperref Info: Hyper figures OFF on input line 4201.
Package hyperref Info: Link nesting OFF on input line 4206.
Package hyperref Info: Hyper index ON on input line 4209.
Package hyperref Info: Plain pages OFF on input line 4216.
Package hyperref Info: Backreferencing OFF on input line 4221.
Package hyperref Info: Implicit mode ON; LaTeX internals redefined.
Package hyperref Info: Bookmarks ON on input line 4468.
\c@Hy@tempcnt=\count305

(c:/texlive/2026/texmf-dist/tex/latex/url/url.sty
\Urlmuskip=\muskip18
Package: url 2013/09/16  ver 3.4  Verb mode for urls, etc.
)
LaTeX Info: Redefining \url on input line 4807.
\XeTeXLinkMargin=\dimen176

(c:/texlive/2026/texmf-dist/tex/generic/bitset/bitset.sty
Package: bitset 2019/12/09 v1.3 Handle bit-vector datatype (HO)

(c:/texlive/2026/texmf-dist/tex/generic/bigintcalc/bigintcalc.sty
Package: bigintcalc 2019/12/15 v1.5 Expandable calculations on big integers (HO
)
))
\Fld@menulength=\count306
\Field@Width=\dimen177
\Fld@charsize=\dimen178
Package hyperref Info: Hyper figures OFF on input line 6084.
Package hyperref Info: Link nesting OFF on input line 6089.
Package hyperref Info: Hyper index ON on input line 6092.
Package hyperref Info: backreferencing OFF on input line 6099.
Package hyperref Info: Link coloring OFF on input line 6104.
Package hyperref Info: Link coloring with OCG OFF on input line 6109.
Package hyperref Info: PDF/A mode OFF on input line 6114.
\Hy@abspage=\count307
\c@Item=\count308
\c@Hfootnote=\count309
)
Package hyperref Info: Driver (autodetected): hxetex.

(c:/texlive/2026/texmf-dist/tex/latex/hyperref/hxetex.def
File: hxetex.def 2026-01-29 v7.01p Hyperref driver for XeTeX
\pdfm@box=\box57
\c@Hy@AnnotLevel=\count310
\HyField@AnnotCount=\count311
\Fld@listcount=\count312
\c@bookmark@seq@number=\count313

(c:/texlive/2026/texmf-dist/tex/latex/rerunfilecheck/rerunfilecheck.sty
Package: rerunfilecheck 2025-06-21 v1.11 Rerun checks for auxiliary files (HO)

(c:/texlive/2026/texmf-dist/tex/generic/uniquecounter/uniquecounter.sty
Package: uniquecounter 2019/12/15 v1.4 Provide unlimited unique counter (HO)
)
Package uniquecounter Info: New unique counter `rerunfilecheck' on input line 2
84.
)
\Hy@SectionHShift=\skip60
)
(c:/texlive/2026/texmf-dist/tex/latex/hyperxmp/hyperxmp.sty
Package: hyperxmp 2024/03/17 v5.13 Store hyperref metadata in XMP format
\hyxmp@aep@toks=\toks33

(c:/texlive/2026/texmf-dist/tex/latex/ifmtarg/ifmtarg.sty
Package: ifmtarg 2018/04/16 v1.2b check for an empty argument
)
(c:/texlive/2026/texmf-dist/tex/latex/base/ifthen.sty
Package: ifthen 2024/03/16 v1.1e Standard LaTeX ifthen package (DPC)
)
\@hyxmp@count=\count314

(c:/texlive/2026/texmf-dist/tex/latex/oberdiek/ifdraft.sty
Package: ifdraft 2016/05/16 v1.4 Detect class options draft and final (HO)
)
(c:/texlive/2026/texmf-dist/tex/generic/iftex/ifluatex.sty
Package: ifluatex 2019/10/25 v1.5 ifluatex legacy package. Use iftex instead.
))
(c:/texlive/2026/texmf-dist/tex/latex/graphics/graphicx.sty
Package: graphicx 2024/12/31 v1.2e Enhanced LaTeX Graphics (DPC,SPQR)

(c:/texlive/2026/texmf-dist/tex/latex/graphics/graphics.sty
Package: graphics 2024/08/06 v1.4g Standard LaTeX Graphics (DPC,SPQR)

(c:/texlive/2026/texmf-dist/tex/latex/graphics/trig.sty
Package: trig 2023/12/02 v1.11 sin cos tan (DPC)
)
(c:/texlive/2026/texmf-dist/tex/latex/graphics-cfg/graphics.cfg
File: graphics.cfg 2016/06/04 v1.11 sample graphics configuration
)
Package graphics Info: Driver file: xetex.def on input line 106.

(c:/texlive/2026/texmf-dist/tex/latex/graphics-def/xetex.def
File: xetex.def 2025/11/01 v5.0p Graphics/color driver for xetex
))
\Gin@req@height=\dimen179
\Gin@req@width=\dimen180
)
(c:/texlive/2026/texmf-dist/tex/latex/xcolor/xcolor.sty
Package: xcolor 2024/09/29 v3.02 LaTeX color extensions (UK)

(c:/texlive/2026/texmf-dist/tex/latex/graphics-cfg/color.cfg
File: color.cfg 2016/01/02 v1.6 sample color configuration
)
Package xcolor Info: Driver file: xetex.def on input line 274.

(c:/texlive/2026/texmf-dist/tex/latex/graphics/mathcolor.ltx)
Package xcolor Info: Model `cmy' substituted by `cmy0' on input line 1349.
Package xcolor Info: Model `RGB' extended on input line 1365.
Package xcolor Info: Model `HTML' substituted by `rgb' on input line 1367.
Package xcolor Info: Model `Hsb' substituted by `hsb' on input line 1368.
Package xcolor Info: Model `tHsb' substituted by `hsb' on input line 1369.
Package xcolor Info: Model `HSB' substituted by `hsb' on input line 1370.
Package xcolor Info: Model `Gray' substituted by `gray' on input line 1371.
Package xcolor Info: Model `wave' substituted by `hsb' on input line 1372.
)
(c:/texlive/2026/texmf-dist/tex/latex/geometry/geometry.sty
Package: geometry 2020/01/02 v5.9 Page Geometry

(c:/texlive/2026/texmf-dist/tex/generic/iftex/ifvtex.sty
Package: ifvtex 2019/10/25 v1.7 ifvtex legacy package. Use iftex instead.
)
\Gm@cnth=\count315
\Gm@cntv=\count316
\c@Gm@tempcnt=\count317
\Gm@bindingoffset=\dimen181
\Gm@wd@mp=\dimen182
\Gm@odd@mp=\dimen183
\Gm@even@mp=\dimen184
\Gm@layoutwidth=\dimen185
\Gm@layoutheight=\dimen186
\Gm@layouthoffset=\dimen187
\Gm@layoutvoffset=\dimen188
\Gm@dimlist=\toks34
)
(c:/texlive/2026/texmf-dist/tex/latex/ncctools/manyfoot.sty
Package: manyfoot 2019/08/03 v1.11 Many Footnote Levels Package (NCC)

(c:/texlive/2026/texmf-dist/tex/latex/ncctools/nccfoots.sty
Package: nccfoots 2005/02/03 v1.2 NCC Footnotes Package (NCC)
)
\MFL@columnwidth=\dimen189
)
\footinsauthorsaddresses=\insert251
\c@footnoteauthorsaddresses=\count318
\footinscopyrightpermission=\insert250
\c@footnotecopyrightpermission=\count319

(c:/texlive/2026/texmf-dist/tex/latex/amsfonts/amssymb.sty
Package: amssymb 2013/01/14 v3.01 AMS font symbols
)
(c:/texlive/2026/texmf-dist/tex/latex/unicode-math/unicode-math.sty
(c:/texlive/2026/texmf-dist/tex/latex/l3kernel/expl3.sty
Package: expl3 2026-01-19 L3 programming layer (loader) 

(c:/texlive/2026/texmf-dist/tex/latex/l3backend/l3backend-xetex.def
File: l3backend-xetex.def 2025-10-09 L3 backend support: XeTeX
\g__graphics_track_int=\count320
\g__pdfannot_backend_int=\count321
\g__pdfannot_backend_link_int=\count322
))
Package: unicode-math 2023/08/13 v0.8r Unicode maths in XeLaTeX and LuaLaTeX

(c:/texlive/2026/texmf-dist/tex/latex/unicode-math/unicode-math-xetex.sty
Package: unicode-math-xetex 2023/08/13 v0.8r Unicode maths in XeLaTeX and LuaLa
TeX

(c:/texlive/2026/texmf-dist/tex/latex/l3packages/xparse/xparse.sty
Package: xparse 2025-10-09 L3 Experimental document command parser
)
(c:/texlive/2026/texmf-dist/tex/latex/l3packages/l3keys2e/l3keys2e.sty
Package: l3keys2e 2025-10-09 LaTeX2e option processing using LaTeX3 keys
)
(c:/texlive/2026/texmf-dist/tex/latex/fontspec/fontspec.sty
Package: fontspec 2025/09/29 v2.9g Font selection for XeLaTeX and LuaLaTeX

(c:/texlive/2026/texmf-dist/tex/latex/fontspec/fontspec-xetex.sty
Package: fontspec-xetex 2025/09/29 v2.9g Font selection for XeLaTeX and LuaLaTe
X
\l__fontspec_script_int=\count323
\l__fontspec_language_int=\count324
\l__fontspec_strnum_int=\count325
\l__fontspec_tmp_int=\count326
\l__fontspec_tmpa_int=\count327
\l__fontspec_tmpb_int=\count328
\l__fontspec_tmpc_int=\count329
\l__fontspec_em_int=\count330
\l__fontspec_emdef_int=\count331
\l__fontspec_strong_int=\count332
\l__fontspec_strongdef_int=\count333
\l__fontspec_tmpa_dim=\dimen190
\l__fontspec_tmpb_dim=\dimen191
\l__fontspec_tmpc_dim=\dimen192

(c:/texlive/2026/texmf-dist/tex/latex/base/fontenc.sty
Package: fontenc 2025/07/18 v2.1d Standard LaTeX package
)
(c:/texlive/2026/texmf-dist/tex/latex/fontspec/fontspec.cfg)))
(c:/texlive/2026/texmf-dist/tex/latex/base/fix-cm.sty
Package: fix-cm 2020/11/24 v1.1t fixes to LaTeX

(c:/texlive/2026/texmf-dist/tex/latex/base/ts1enc.def
File: ts1enc.def 2001/06/05 v3.0e (jk/car/fm) Standard LaTeX file
LaTeX Font Info:    Redeclaring font encoding TS1 on input line 47.
LaTeX Encoding Info:    Redeclaring text command \capitalcedilla (encoding TS1)
 on input line 49.
LaTeX Encoding Info:    Redeclaring text command \capitalogonek (encoding TS1) 
on input line 52.
LaTeX Encoding Info:    Redeclaring text command \capitalgrave (encoding TS1) o
n input line 55.
LaTeX Encoding Info:    Redeclaring text command \capitalacute (encoding TS1) o
n input line 56.
LaTeX Encoding Info:    Redeclaring text command \capitalcircumflex (encoding T
S1) on input line 57.
LaTeX Encoding Info:    Redeclaring text command \capitaltilde (encoding TS1) o
n input line 58.
LaTeX Encoding Info:    Redeclaring text command \capitaldieresis (encoding TS1
) on input line 59.
LaTeX Encoding Info:    Redeclaring text command \capitalhungarumlaut (encoding
 TS1) on input line 60.
LaTeX Encoding Info:    Redeclaring text command \capitalring (encoding TS1) on
 input line 61.
LaTeX Encoding Info:    Redeclaring text command \capitalcaron (encoding TS1) o
n input line 62.
LaTeX Encoding Info:    Redeclaring text command \capitalbreve (encoding TS1) o
n input line 63.
LaTeX Encoding Info:    Redeclaring text command \capitalmacron (encoding TS1) 
on input line 64.
LaTeX Encoding Info:    Redeclaring text command \capitaldotaccent (encoding TS
1) on input line 65.
LaTeX Encoding Info:    Redeclaring text command \t (encoding TS1) on input lin
e 66.
LaTeX Encoding Info:    Redeclaring text command \capitaltie (encoding TS1) on 
input line 67.
LaTeX Encoding Info:    Redeclaring text command \newtie (encoding TS1) on inpu
t line 68.
LaTeX Encoding Info:    Redeclaring text command \capitalnewtie (encoding TS1) 
on input line 69.
LaTeX Encoding Info:    Redeclaring text symbol \textcapitalcompwordmark (encod
ing TS1) on input line 70.
LaTeX Encoding Info:    Redeclaring text symbol \textascendercompwordmark (enco
ding TS1) on input line 71.
LaTeX Encoding Info:    Redeclaring text symbol \textquotestraightbase (encodin
g TS1) on input line 72.
LaTeX Encoding Info:    Redeclaring text symbol \textquotestraightdblbase (enco
ding TS1) on input line 73.
LaTeX Encoding Info:    Redeclaring text symbol \texttwelveudash (encoding TS1)
 on input line 74.
LaTeX Encoding Info:    Redeclaring text symbol \textthreequartersemdash (encod
ing TS1) on input line 75.
LaTeX Encoding Info:    Redeclaring text symbol \textleftarrow (encoding TS1) o
n input line 76.
LaTeX Encoding Info:    Redeclaring text symbol \textrightarrow (encoding TS1) 
on input line 77.
LaTeX Encoding Info:    Redeclaring text symbol \textblank (encoding TS1) on in
put line 78.
LaTeX Encoding Info:    Redeclaring text symbol \textdollar (encoding TS1) on i
nput line 79.
LaTeX Encoding Info:    Redeclaring text symbol \textquotesingle (encoding TS1)
 on input line 80.
LaTeX Encoding Info:    Redeclaring text command \textasteriskcentered (encodin
g TS1) on input line 81.
LaTeX Encoding Info:    Redeclaring text symbol \textdblhyphen (encoding TS1) o
n input line 92.
LaTeX Encoding Info:    Redeclaring text symbol \textfractionsolidus (encoding 
TS1) on input line 93.
LaTeX Encoding Info:    Redeclaring text symbol \textzerooldstyle (encoding TS1
) on input line 94.
LaTeX Encoding Info:    Redeclaring text symbol \textoneoldstyle (encoding TS1)
 on input line 95.
LaTeX Encoding Info:    Redeclaring text symbol \texttwooldstyle (encoding TS1)
 on input line 96.
LaTeX Encoding Info:    Redeclaring text symbol \textthreeoldstyle (encoding TS
1) on input line 97.
LaTeX Encoding Info:    Redeclaring text symbol \textfouroldstyle (encoding TS1
) on input line 98.
LaTeX Encoding Info:    Redeclaring text symbol \textfiveoldstyle (encoding TS1
) on input line 99.
LaTeX Encoding Info:    Redeclaring text symbol \textsixoldstyle (encoding TS1)
 on input line 100.
LaTeX Encoding Info:    Redeclaring text symbol \textsevenoldstyle (encoding TS
1) on input line 101.
LaTeX Encoding Info:    Redeclaring text symbol \texteightoldstyle (encoding TS
1) on input line 102.
LaTeX Encoding Info:    Redeclaring text symbol \textnineoldstyle (encoding TS1
) on input line 103.
LaTeX Encoding Info:    Redeclaring text symbol \textlangle (encoding TS1) on i
nput line 104.
LaTeX Encoding Info:    Redeclaring text symbol \textminus (encoding TS1) on in
put line 105.
LaTeX Encoding Info:    Redeclaring text symbol \textrangle (encoding TS1) on i
nput line 106.
LaTeX Encoding Info:    Redeclaring text symbol \textmho (encoding TS1) on inpu
t line 107.
LaTeX Encoding Info:    Redeclaring text symbol \textbigcircle (encoding TS1) o
n input line 108.
LaTeX Encoding Info:    Redeclaring text command \textcircled (encoding TS1) on
 input line 109.
LaTeX Encoding Info:    Redeclaring text symbol \textohm (encoding TS1) on inpu
t line 115.
LaTeX Encoding Info:    Redeclaring text symbol \textlbrackdbl (encoding TS1) o
n input line 116.
LaTeX Encoding Info:    Redeclaring text symbol \textrbrackdbl (encoding TS1) o
n input line 117.
LaTeX Encoding Info:    Redeclaring text symbol \textuparrow (encoding TS1) on 
input line 118.
LaTeX Encoding Info:    Redeclaring text symbol \textdownarrow (encoding TS1) o
n input line 119.
LaTeX Encoding Info:    Redeclaring text symbol \textasciigrave (encoding TS1) 
on input line 120.
LaTeX Encoding Info:    Redeclaring text symbol \textborn (encoding TS1) on inp
ut line 121.
LaTeX Encoding Info:    Redeclaring text symbol \textdivorced (encoding TS1) on
 input line 122.
LaTeX Encoding Info:    Redeclaring text symbol \textdied (encoding TS1) on inp
ut line 123.
LaTeX Encoding Info:    Redeclaring text symbol \textleaf (encoding TS1) on inp
ut line 124.
LaTeX Encoding Info:    Redeclaring text symbol \textmarried (encoding TS1) on 
input line 125.
LaTeX Encoding Info:    Redeclaring text symbol \textmusicalnote (encoding TS1)
 on input line 126.
LaTeX Encoding Info:    Redeclaring text symbol \texttildelow (encoding TS1) on
 input line 127.
LaTeX Encoding Info:    Redeclaring text symbol \textdblhyphenchar (encoding TS
1) on input line 128.
LaTeX Encoding Info:    Redeclaring text symbol \textasciibreve (encoding TS1) 
on input line 129.
LaTeX Encoding Info:    Redeclaring text symbol \textasciicaron (encoding TS1) 
on input line 130.
LaTeX Encoding Info:    Redeclaring text symbol \textacutedbl (encoding TS1) on
 input line 131.
LaTeX Encoding Info:    Redeclaring text symbol \textgravedbl (encoding TS1) on
 input line 132.
LaTeX Encoding Info:    Redeclaring text symbol \textdagger (encoding TS1) on i
nput line 133.
LaTeX Encoding Info:    Redeclaring text symbol \textdaggerdbl (encoding TS1) o
n input line 134.
LaTeX Encoding Info:    Redeclaring text symbol \textbardbl (encoding TS1) on i
nput line 135.
LaTeX Encoding Info:    Redeclaring text symbol \textperthousand (encoding TS1)
 on input line 136.
LaTeX Encoding Info:    Redeclaring text symbol \textbullet (encoding TS1) on i
nput line 137.
LaTeX Encoding Info:    Redeclaring text symbol \textcelsius (encoding TS1) on 
input line 138.
LaTeX Encoding Info:    Redeclaring text symbol \textdollaroldstyle (encoding T
S1) on input line 139.
LaTeX Encoding Info:    Redeclaring text symbol \textcentoldstyle (encoding TS1
) on input line 140.
LaTeX Encoding Info:    Redeclaring text symbol \textflorin (encoding TS1) on i
nput line 141.
LaTeX Encoding Info:    Redeclaring text symbol \textcolonmonetary (encoding TS
1) on input line 142.
LaTeX Encoding Info:    Redeclaring text symbol \textwon (encoding TS1) on inpu
t line 143.
LaTeX Encoding Info:    Redeclaring text symbol \textnaira (encoding TS1) on in
put line 144.
LaTeX Encoding Info:    Redeclaring text symbol \textguarani (encoding TS1) on 
input line 145.
LaTeX Encoding Info:    Redeclaring text symbol \textpeso (encoding TS1) on inp
ut line 146.
LaTeX Encoding Info:    Redeclaring text symbol \textlira (encoding TS1) on inp
ut line 147.
LaTeX Encoding Info:    Redeclaring text symbol \textrecipe (encoding TS1) on i
nput line 148.
LaTeX Encoding Info:    Redeclaring text symbol \textinterrobang (encoding TS1)
 on input line 149.
LaTeX Encoding Info:    Redeclaring text symbol \textinterrobangdown (encoding 
TS1) on input line 150.
LaTeX Encoding Info:    Redeclaring text symbol \textdong (encoding TS1) on inp
ut line 151.
LaTeX Encoding Info:    Redeclaring text symbol \texttrademark (encoding TS1) o
n input line 152.
LaTeX Encoding Info:    Redeclaring text symbol \textpertenthousand (encoding T
S1) on input line 153.
LaTeX Encoding Info:    Redeclaring text symbol \textpilcrow (encoding TS1) on 
input line 154.
LaTeX Encoding Info:    Redeclaring text symbol \textbaht (encoding TS1) on inp
ut line 155.
LaTeX Encoding Info:    Redeclaring text symbol \textnumero (encoding TS1) on i
nput line 156.
LaTeX Encoding Info:    Redeclaring text symbol \textdiscount (encoding TS1) on
 input line 157.
LaTeX Encoding Info:    Redeclaring text symbol \textestimated (encoding TS1) o
n input line 158.
LaTeX Encoding Info:    Redeclaring text symbol \textopenbullet (encoding TS1) 
on input line 159.
LaTeX Encoding Info:    Redeclaring text symbol \textservicemark (encoding TS1)
 on input line 160.
LaTeX Encoding Info:    Redeclaring text symbol \textlquill (encoding TS1) on i
nput line 161.
LaTeX Encoding Info:    Redeclaring text symbol \textrquill (encoding TS1) on i
nput line 162.
LaTeX Encoding Info:    Redeclaring text symbol \textcent (encoding TS1) on inp
ut line 163.
LaTeX Encoding Info:    Redeclaring text symbol \textsterling (encoding TS1) on
 input line 164.
LaTeX Encoding Info:    Redeclaring text symbol \textcurrency (encoding TS1) on
 input line 165.
LaTeX Encoding Info:    Redeclaring text symbol \textyen (encoding TS1) on inpu
t line 166.
LaTeX Encoding Info:    Redeclaring text symbol \textbrokenbar (encoding TS1) o
n input line 167.
LaTeX Encoding Info:    Redeclaring text symbol \textsection (encoding TS1) on 
input line 168.
LaTeX Encoding Info:    Redeclaring text symbol \textasciidieresis (encoding TS
1) on input line 169.
LaTeX Encoding Info:    Redeclaring text symbol \textcopyright (encoding TS1) o
n input line 170.
LaTeX Encoding Info:    Redeclaring text symbol \textordfeminine (encoding TS1)
 on input line 171.
LaTeX Encoding Info:    Redeclaring text symbol \textcopyleft (encoding TS1) on
 input line 172.
LaTeX Encoding Info:    Redeclaring text symbol \textlnot (encoding TS1) on inp
ut line 173.
LaTeX Encoding Info:    Redeclaring text symbol \textcircledP (encoding TS1) on
 input line 174.
LaTeX Encoding Info:    Redeclaring text symbol \textregistered (encoding TS1) 
on input line 175.
LaTeX Encoding Info:    Redeclaring text symbol \textasciimacron (encoding TS1)
 on input line 176.
LaTeX Encoding Info:    Redeclaring text symbol \textdegree (encoding TS1) on i
nput line 177.
LaTeX Encoding Info:    Redeclaring text symbol \textpm (encoding TS1) on input
 line 178.
LaTeX Encoding Info:    Redeclaring text symbol \texttwosuperior (encoding TS1)
 on input line 179.
LaTeX Encoding Info:    Redeclaring text symbol \textthreesuperior (encoding TS
1) on input line 180.
LaTeX Encoding Info:    Redeclaring text symbol \textasciiacute (encoding TS1) 
on input line 181.
LaTeX Encoding Info:    Redeclaring text symbol \textmu (encoding TS1) on input
 line 182.
LaTeX Encoding Info:    Redeclaring text symbol \textparagraph (encoding TS1) o
n input line 183.
LaTeX Encoding Info:    Redeclaring text symbol \textperiodcentered (encoding T
S1) on input line 184.
LaTeX Encoding Info:    Redeclaring text symbol \textreferencemark (encoding TS
1) on input line 185.
LaTeX Encoding Info:    Redeclaring text symbol \textonesuperior (encoding TS1)
 on input line 186.
LaTeX Encoding Info:    Redeclaring text symbol \textordmasculine (encoding TS1
) on input line 187.
LaTeX Encoding Info:    Redeclaring text symbol \textsurd (encoding TS1) on inp
ut line 188.
LaTeX Encoding Info:    Redeclaring text symbol \textonequarter (encoding TS1) 
on input line 189.
LaTeX Encoding Info:    Redeclaring text symbol \textonehalf (encoding TS1) on 
input line 190.
LaTeX Encoding Info:    Redeclaring text symbol \textthreequarters (encoding TS
1) on input line 191.
LaTeX Encoding Info:    Redeclaring text symbol \texteuro (encoding TS1) on inp
ut line 192.
LaTeX Encoding Info:    Redeclaring text symbol \texttimes (encoding TS1) on in
put line 193.
LaTeX Encoding Info:    Redeclaring text symbol \textdiv (encoding TS1) on inpu
t line 194.
))
\g__um_fam_int=\count334
\g__um_fonts_used_int=\count335
\l__um_primecount_int=\count336
\g__um_primekern_muskip=\muskip19

(c:/texlive/2026/texmf-dist/tex/latex/unicode-math/unicode-math-table.tex)))

Package fontspec Info: 
(fontspec)             LibertinusMath-Regular scale = 1.037989621392094.


Package fontspec Info: 
(fontspec)             LibertinusMath-Regular scale = 1.037989621392094.


Package fontspec Info: 
(fontspec)             Font family 'LibertinusMath-Regular.otf(0)' created for
(fontspec)             font 'LibertinusMath-Regular.otf' with options
(fontspec)             [BoldItalicFont={},ItalicFont={},SmallCapsFont={},Script
=Math,Scale={MatchUppercase}].
(fontspec)              
(fontspec)              This font family consists of the following NFSS
(fontspec)             series/shapes:
(fontspec)              
(fontspec)             - 'normal' (m/n) with NFSS spec.:
(fontspec)             <->s*[1.037989621392094]"[LibertinusMath-Regular.otf]/OT
:script=math;language=dflt;"

LaTeX Font Info:    Font shape `TU/LibertinusMath-Regular.otf(0)/m/n' will be
(Font)              scaled to size 9.34195pt on input line 790.

Package fontspec Info: 
(fontspec)             LibertinusMath-Regular scale = 1.037989621392094.


Package fontspec Info: 
(fontspec)             LibertinusMath-Regular scale = 1.037989621392094.


Package fontspec Info: 
(fontspec)             LibertinusMath-Regular scale = 1.037989621392094.


Package fontspec Info: 
(fontspec)             LibertinusMath-Regular scale = 1.037989621392094.


Package fontspec Info: 
(fontspec)             Font family 'LibertinusMath-Regular.otf(1)' created for
(fontspec)             font 'LibertinusMath-Regular.otf' with options
(fontspec)             [BoldItalicFont={},ItalicFont={},SmallCapsFont={},Script
=Math,SizeFeatures={{Size=8.1-},{Size=6.3-8.1,Font=LibertinusMath-Regular.otf,S
tyle=MathScript},{Size=-6.3,Font=LibertinusMath-Regular.otf,Style=MathScriptScr
ipt}},Scale={MatchUppercase}].
(fontspec)              
(fontspec)              This font family consists of the following NFSS
(fontspec)             series/shapes:
(fontspec)              
(fontspec)             - 'normal' (m/n) with NFSS spec.:
(fontspec)             <8.1->s*[1.037989621392094]"[LibertinusMath-Regular.otf]
/OT:script=math;language=dflt;"<6.3-8.1>s*[1.037989621392094]"[LibertinusMath-R
egular.otf]/OT:script=math;language=dflt;+ssty=0;"<-6.3>s*[1.037989621392094]"[
LibertinusMath-Regular.otf]/OT:script=math;language=dflt;+ssty=1;"

LaTeX Font Info:    Font shape `TU/LibertinusMath-Regular.otf(1)/m/n' will be
(Font)              scaled to size 9.34195pt on input line 790.
LaTeX Font Info:    Encoding `OT1' has changed to `TU' for symbol font
(Font)              `operators' in the math version `normal' on input line 790.

LaTeX Font Info:    Overwriting symbol font `operators' in version `normal'
(Font)                  OT1/cmr/m/n --> TU/LibertinusMath-Regular.otf(1)/m/n on
 input line 790.
LaTeX Font Info:    Encoding `OT1' has changed to `TU' for symbol font
(Font)              `operators' in the math version `bold' on input line 790.
LaTeX Font Info:    Overwriting symbol font `operators' in version `bold'
(Font)                  OT1/cmr/bx/n --> TU/LibertinusMath-Regular.otf(1)/b/n o
n input line 790.

Package fontspec Info: 
(fontspec)             LibertinusMath-Regular scale = 1.037989621392094.


Package fontspec Info: 
(fontspec)             LibertinusMath-Regular scale = 1.038093420354233.


Package fontspec Info: 
(fontspec)             LibertinusMath-Regular scale = 1.037989621392094.


Package fontspec Info: 
(fontspec)             LibertinusMath-Regular scale = 1.038093420354233.


Package fontspec Info: 
(fontspec)             LibertinusMath-Regular scale = 1.037989621392094.


Package fontspec Info: 
(fontspec)             LibertinusMath-Regular scale = 1.038093420354233.


Package fontspec Info: 
(fontspec)             LibertinusMath-Regular scale = 1.037989621392094.


Package fontspec Info: 
(fontspec)             LibertinusMath-Regular scale = 1.038093420354233.


Package fontspec Info: 
(fontspec)             Font family 'LibertinusMath-Regular.otf(2)' created for
(fontspec)             font 'LibertinusMath-Regular.otf' with options
(fontspec)             [BoldItalicFont={},ItalicFont={},SmallCapsFont={},Script
=Math,SizeFeatures={{Size=8.1-},{Size=6.3-8.1,Font=LibertinusMath-Regular.otf,S
tyle=MathScript},{Size=-6.3,Font=LibertinusMath-Regular.otf,Style=MathScriptScr
ipt}},Scale={MatchUppercase},ScaleAgain=1.0001,FontAdjustment={\fontdimen
(fontspec)             8\font =5.41833pt\relax \fontdimen 9\font
(fontspec)             =4.48413pt\relax \fontdimen 10\font =4.39072pt\relax
(fontspec)             \fontdimen 11\font =6.53937pt\relax \fontdimen 12\font
(fontspec)             =4.48413pt\relax \fontdimen 13\font =3.50323pt\relax
(fontspec)             \fontdimen 14\font =3.50323pt\relax \fontdimen 15\font
(fontspec)             =2.89601pt\relax \fontdimen 16\font =1.9618pt\relax
(fontspec)             \fontdimen 17\font =1.9618pt\relax \fontdimen 18\font
(fontspec)             =2.14865pt\relax \fontdimen 19\font =0.4204pt\relax
(fontspec)             \fontdimen 22\font =2.42891pt\relax \fontdimen 20\font
(fontspec)             =0pt\relax \fontdimen 21\font =0pt\relax }].
(fontspec)              
(fontspec)              This font family consists of the following NFSS
(fontspec)             series/shapes:
(fontspec)              
(fontspec)             - 'normal' (m/n) with NFSS spec.:
(fontspec)             <8.1->s*[1.038093420354233]"[LibertinusMath-Regular.otf]
/OT:script=math;language=dflt;"<6.3-8.1>s*[1.038093420354233]"[LibertinusMath-R
egular.otf]/OT:script=math;language=dflt;+ssty=0;"<-6.3>s*[1.038093420354233]"[
LibertinusMath-Regular.otf]/OT:script=math;language=dflt;+ssty=1;"

LaTeX Font Info:    Encoding `OMS' has changed to `TU' for symbol font
(Font)              `symbols' in the math version `normal' on input line 790.
LaTeX Font Info:    Overwriting symbol font `symbols' in version `normal'
(Font)                  OMS/cmsy/m/n --> TU/LibertinusMath-Regular.otf(2)/m/n o
n input line 790.
LaTeX Font Info:    Encoding `OMS' has changed to `TU' for symbol font
(Font)              `symbols' in the math version `bold' on input line 790.
LaTeX Font Info:    Overwriting symbol font `symbols' in version `bold'
(Font)                  OMS/cmsy/b/n --> TU/LibertinusMath-Regular.otf(2)/b/n o
n input line 790.

Package fontspec Info: 
(fontspec)             LibertinusMath-Regular scale = 1.037989621392094.


Package fontspec Info: 
(fontspec)             LibertinusMath-Regular scale = 1.037885822429955.


Package fontspec Info: 
(fontspec)             LibertinusMath-Regular scale = 1.037989621392094.


Package fontspec Info: 
(fontspec)             LibertinusMath-Regular scale = 1.037885822429955.


Package fontspec Info: 
(fontspec)             LibertinusMath-Regular scale = 1.037989621392094.


Package fontspec Info: 
(fontspec)             LibertinusMath-Regular scale = 1.037885822429955.


Package fontspec Info: 
(fontspec)             LibertinusMath-Regular scale = 1.037989621392094.


Package fontspec Info: 
(fontspec)             LibertinusMath-Regular scale = 1.037885822429955.


Package fontspec Info: 
(fontspec)             Font family 'LibertinusMath-Regular.otf(3)' created for
(fontspec)             font 'LibertinusMath-Regular.otf' with options
(fontspec)             [BoldItalicFont={},ItalicFont={},SmallCapsFont={},Script
=Math,SizeFeatures={{Size=8.1-},{Size=6.3-8.1,Font=LibertinusMath-Regular.otf,S
tyle=MathScript},{Size=-6.3,Font=LibertinusMath-Regular.otf,Style=MathScriptScr
ipt}},Scale={MatchUppercase},ScaleAgain=0.9999,FontAdjustment={\fontdimen
(fontspec)             8\font =0.60722pt\relax \fontdimen 9\font
(fontspec)             =1.40129pt\relax \fontdimen 10\font =1.40129pt\relax
(fontspec)             \fontdimen 11\font =2.3355pt\relax \fontdimen 12\font
(fontspec)             =5.792pt\relax \fontdimen 13\font =0pt\relax }].
(fontspec)              
(fontspec)              This font family consists of the following NFSS
(fontspec)             series/shapes:
(fontspec)              
(fontspec)             - 'normal' (m/n) with NFSS spec.:
(fontspec)             <8.1->s*[1.037885822429955]"[LibertinusMath-Regular.otf]
/OT:script=math;language=dflt;"<6.3-8.1>s*[1.037885822429955]"[LibertinusMath-R
egular.otf]/OT:script=math;language=dflt;+ssty=0;"<-6.3>s*[1.037885822429955]"[
LibertinusMath-Regular.otf]/OT:script=math;language=dflt;+ssty=1;"

LaTeX Font Info:    Encoding `OMX' has changed to `TU' for symbol font
(Font)              `largesymbols' in the math version `normal' on input line 7
90.
LaTeX Font Info:    Overwriting symbol font `largesymbols' in version `normal'
(Font)                  OMX/cmex/m/n --> TU/LibertinusMath-Regular.otf(3)/m/n o
n input line 790.
LaTeX Font Info:    Encoding `OMX' has changed to `TU' for symbol font
(Font)              `largesymbols' in the math version `bold' on input line 790
.
LaTeX Font Info:    Overwriting symbol font `largesymbols' in version `bold'
(Font)                  OMX/cmex/m/n --> TU/LibertinusMath-Regular.otf(3)/b/n o
n input line 790.

Package fontspec Info: 
(fontspec)             Font family 'latinmodern-math.otf(0)' created for font
(fontspec)             'latinmodern-math.otf' with options
(fontspec)             [BoldItalicFont={},ItalicFont={},SmallCapsFont={},Script
=Math,SizeFeatures={{Size=8.1-},{Size=6.3-8.1,Font=latinmodern-math.otf,Style=M
athScript},{Size=-6.3,Font=latinmodern-math.otf,Style=MathScriptScript}}].
(fontspec)              
(fontspec)              This font family consists of the following NFSS
(fontspec)             series/shapes:
(fontspec)              
(fontspec)             - 'normal' (m/n) with NFSS spec.:
(fontspec)             <8.1->"[latinmodern-math.otf]/OT:script=math;language=df
lt;"<6.3-8.1>"[latinmodern-math.otf]/OT:script=math;language=dflt;+ssty=0;"<-6.
3>"[latinmodern-math.otf]/OT:script=math;language=dflt;+ssty=1;"

\sym__um_fam1=\mathgroup6
LaTeX Font Info:    Overwriting symbol font `__um_fam1' in version `normal'
(Font)                  TU/latinmodern-math.otf(0)/m/n --> TU/latinmodern-math.
otf(0)/m/n on input line 790.
LaTeX Font Info:    Overwriting symbol font `__um_fam1' in version `bold'
(Font)                  TU/latinmodern-math.otf(0)/m/n --> TU/latinmodern-math.
otf(0)/b/n on input line 790.

(c:/texlive/2026/texmf-dist/tex/latex/libertine/libertine.sty
Package: libertine 2024/04/23 (Bob Tennent) Supports Libertine and Biolinum fon
ts for all LaTeX engines.

(c:/texlive/2026/texmf-dist/tex/generic/iftex/ifxetex.sty
Package: ifxetex 2019/10/25 v0.7 ifxetex legacy package. Use iftex instead.
)
(c:/texlive/2026/texmf-dist/tex/latex/base/textcomp.sty
Package: textcomp 2024/04/24 v2.1b Standard LaTeX package
)

Package fontspec Info: 
(fontspec)             LinLibertine_R scale = 1.


Package fontspec Info: 
(fontspec)             LinLibertine_R scale = 1.


Package fontspec Info: 
(fontspec)             LinLibertine_R scale = 1.


Package fontspec Info: 
(fontspec)             LinLibertine_RB scale = 1.


Package fontspec Info: 
(fontspec)             LinLibertine_RB scale = 1.


Package fontspec Info: 
(fontspec)             LinLibertine_RI scale = 1.


Package fontspec Info: 
(fontspec)             LinLibertine_RI scale = 1.


Package fontspec Info: 
(fontspec)             LinLibertine_RBI scale = 1.


Package fontspec Info: 
(fontspec)             LinLibertine_RBI scale = 1.


Package fontspec Info: 
(fontspec)             Font family 'LinLibertine(0)' created for font
(fontspec)             'LinLibertine' with options [Ligatures = TeX,Extension
(fontspec)             =
(fontspec)             .otf,SmallCapsFeatures={Letters=SmallCaps},Ligatures=TeX
,Numbers
(fontspec)             = {Monospaced,Lining},Scale = 1,UprightFont =
(fontspec)             *_R,ItalicFont = *_RI,BoldFont = *_RB,BoldItalicFont =
(fontspec)             *_RBI].
(fontspec)              
(fontspec)              This font family consists of the following NFSS
(fontspec)             series/shapes:
(fontspec)              
(fontspec)             - 'normal' (m/n) with NFSS spec.:
(fontspec)             <->s*[1]"[LinLibertine_R.otf]/OT:script=latn;language=df
lt;+tnum;+lnum;mapping=tex-text;"
(fontspec)             - 'small caps'  (m/sc) with NFSS spec.:
(fontspec)             <->s*[1]"[LinLibertine_R.otf]/OT:script=latn;language=df
lt;+tnum;+lnum;+smcp;mapping=tex-text;"
(fontspec)             - 'bold' (b/n) with NFSS spec.:
(fontspec)             <->s*[1]"[LinLibertine_RB.otf]/OT:script=latn;language=d
flt;+tnum;+lnum;mapping=tex-text;"
(fontspec)             - 'bold small caps'  (b/sc) with NFSS spec.:
(fontspec)             <->s*[1]"[LinLibertine_RB.otf]/OT:script=latn;language=d
flt;+tnum;+lnum;+smcp;mapping=tex-text;"
(fontspec)             - 'italic' (m/it) with NFSS spec.:
(fontspec)             <->s*[1]"[LinLibertine_RI.otf]/OT:script=latn;language=d
flt;+tnum;+lnum;mapping=tex-text;"
(fontspec)             - 'italic small caps'  (m/scit) with NFSS spec.:
(fontspec)             <->s*[1]"[LinLibertine_RI.otf]/OT:script=latn;language=d
flt;+tnum;+lnum;+smcp;mapping=tex-text;"
(fontspec)             - 'bold italic' (b/it) with NFSS spec.:
(fontspec)             <->s*[1]"[LinLibertine_RBI.otf]/OT:script=latn;language=
dflt;+tnum;+lnum;mapping=tex-text;"
(fontspec)             - 'bold italic small caps'  (b/scit) with NFSS spec.:
(fontspec)             <->s*[1]"[LinLibertine_RBI.otf]/OT:script=latn;language=
dflt;+tnum;+lnum;+smcp;mapping=tex-text;"


Package fontspec Info: 
(fontspec)             LinLibertine_R scale = 1.


Package fontspec Info: 
(fontspec)             LinLibertine_R scale = 1.


Package fontspec Info: 
(fontspec)             LinLibertine_R scale = 1.


Package fontspec Info: 
(fontspec)             LinLibertine_RB scale = 1.


Package fontspec Info: 
(fontspec)             LinLibertine_RB scale = 1.


Package fontspec Info: 
(fontspec)             LinLibertine_RI scale = 1.


Package fontspec Info: 
(fontspec)             LinLibertine_RI scale = 1.


Package fontspec Info: 
(fontspec)             LinLibertine_RBI scale = 1.


Package fontspec Info: 
(fontspec)             LinLibertine_RBI scale = 1.


Package fontspec Info: 
(fontspec)             Font family 'LinLibertine(1)' created for font
(fontspec)             'LinLibertine' with options [Ligatures = TeX,Extension
(fontspec)             = .otf,SmallCapsFeatures={Letters=SmallCaps},Numbers =
(fontspec)             {Monospaced,Lining},Scale = 1,UprightFont =
(fontspec)             *_R,ItalicFont = *_RI,BoldFont = *_RB,BoldItalicFont =
(fontspec)             *_RBI].
(fontspec)              
(fontspec)              This font family consists of the following NFSS
(fontspec)             series/shapes:
(fontspec)              
(fontspec)             - 'normal' (m/n) with NFSS spec.:
(fontspec)             <->s*[1]"[LinLibertine_R.otf]/OT:script=latn;language=df
lt;+tnum;+lnum;mapping=tex-text;"
(fontspec)             - 'small caps'  (m/sc) with NFSS spec.:
(fontspec)             <->s*[1]"[LinLibertine_R.otf]/OT:script=latn;language=df
lt;+tnum;+lnum;+smcp;mapping=tex-text;"
(fontspec)             - 'bold' (b/n) with NFSS spec.:
(fontspec)             <->s*[1]"[LinLibertine_RB.otf]/OT:script=latn;language=d
flt;+tnum;+lnum;mapping=tex-text;"
(fontspec)             - 'bold small caps'  (b/sc) with NFSS spec.:
(fontspec)             <->s*[1]"[LinLibertine_RB.otf]/OT:script=latn;language=d
flt;+tnum;+lnum;+smcp;mapping=tex-text;"
(fontspec)             - 'italic' (m/it) with NFSS spec.:
(fontspec)             <->s*[1]"[LinLibertine_RI.otf]/OT:script=latn;language=d
flt;+tnum;+lnum;mapping=tex-text;"
(fontspec)             - 'italic small caps'  (m/scit) with NFSS spec.:
(fontspec)             <->s*[1]"[LinLibertine_RI.otf]/OT:script=latn;language=d
flt;+tnum;+lnum;+smcp;mapping=tex-text;"
(fontspec)             - 'bold italic' (b/it) with NFSS spec.:
(fontspec)             <->s*[1]"[LinLibertine_RBI.otf]/OT:script=latn;language=
dflt;+tnum;+lnum;mapping=tex-text;"
(fontspec)             - 'bold italic small caps'  (b/scit) with NFSS spec.:
(fontspec)             <->s*[1]"[LinLibertine_RBI.otf]/OT:script=latn;language=
dflt;+tnum;+lnum;+smcp;mapping=tex-text;"

LaTeX Font Info:    Overwriting math alphabet `\mathrm' in version `normal'
(Font)                  TU/LibertinusMath-Regular.otf(1)/m/n --> TU/LinLibertin
e(1)/m/n on input line 307.
LaTeX Font Info:    Overwriting math alphabet `\mathit' in version `normal'
(Font)                  OT1/cmr/m/it --> TU/LinLibertine(1)/m/it on input line 
307.
LaTeX Font Info:    Overwriting math alphabet `\mathbf' in version `normal'
(Font)                  OT1/cmr/bx/n --> TU/LinLibertine(1)/b/n on input line 3
07.
LaTeX Font Info:    Font shape `TU/LinLibertine(0)/m/n' will be
(Font)              scaled to size 9.0pt on input line 307.

Package fontspec Info: 
(fontspec)             LinBiolinum_R scale = 1.


Package fontspec Info: 
(fontspec)             LinBiolinum_R scale = 1.


Package fontspec Info: 
(fontspec)             LinBiolinum_R scale = 1.


Package fontspec Info: 
(fontspec)             LinBiolinum_RB scale = 1.


Package fontspec Info: 
(fontspec)             LinBiolinum_RB scale = 1.


Package fontspec Info: 
(fontspec)             LinBiolinum_RI scale = 1.


Package fontspec Info: 
(fontspec)             LinBiolinum_RI scale = 1.


Package fontspec Info: 
(fontspec)             LinBiolinum_RBO scale = 1.


Package fontspec Info: 
(fontspec)             LinBiolinum_RBO scale = 1.


Package fontspec Info: 
(fontspec)             Font family 'LinBiolinum(0)' created for font
(fontspec)             'LinBiolinum' with options [Ligatures = TeX,Extension =
(fontspec)             .otf,SmallCapsFeatures={Letters=SmallCaps},Ligatures=TeX
,Numbers
(fontspec)             = {Monospaced, Lining},Scale = 1,UprightFont =
(fontspec)             *_R,ItalicFont = *_RI,BoldFont = *_RB,BoldItalicFont =
(fontspec)             *_RBO].
(fontspec)              
(fontspec)              This font family consists of the following NFSS
(fontspec)             series/shapes:
(fontspec)              
(fontspec)             - 'normal' (m/n) with NFSS spec.:
(fontspec)             <->s*[1]"[LinBiolinum_R.otf]/OT:script=latn;language=dfl
t;+tnum;+lnum;mapping=tex-text;"
(fontspec)             - 'small caps'  (m/sc) with NFSS spec.:
(fontspec)             <->s*[1]"[LinBiolinum_R.otf]/OT:script=latn;language=dfl
t;+tnum;+lnum;+smcp;mapping=tex-text;"
(fontspec)             - 'bold' (b/n) with NFSS spec.:
(fontspec)             <->s*[1]"[LinBiolinum_RB.otf]/OT:script=latn;language=df
lt;+tnum;+lnum;mapping=tex-text;"
(fontspec)             - 'bold small caps'  (b/sc) with NFSS spec.:
(fontspec)             <->s*[1]"[LinBiolinum_RB.otf]/OT:script=latn;language=df
lt;+tnum;+lnum;+smcp;mapping=tex-text;"
(fontspec)             - 'italic' (m/it) with NFSS spec.:
(fontspec)             <->s*[1]"[LinBiolinum_RI.otf]/OT:script=latn;language=df
lt;+tnum;+lnum;mapping=tex-text;"
(fontspec)             - 'italic small caps'  (m/scit) with NFSS spec.:
(fontspec)             <->s*[1]"[LinBiolinum_RI.otf]/OT:script=latn;language=df
lt;+tnum;+lnum;+smcp;mapping=tex-text;"
(fontspec)             - 'bold italic' (b/it) with NFSS spec.:
(fontspec)             <->s*[1]"[LinBiolinum_RBO.otf]/OT:script=latn;language=d
flt;+tnum;+lnum;mapping=tex-text;"
(fontspec)             - 'bold italic small caps'  (b/scit) with NFSS spec.:
(fontspec)             <->s*[1]"[LinBiolinum_RBO.otf]/OT:script=latn;language=d
flt;+tnum;+lnum;+smcp;mapping=tex-text;"


Package fontspec Info: 
(fontspec)             LinBiolinum_R scale = 1.


Package fontspec Info: 
(fontspec)             LinBiolinum_R scale = 1.


Package fontspec Info: 
(fontspec)             LinBiolinum_R scale = 1.


Package fontspec Info: 
(fontspec)             LinBiolinum_RB scale = 1.


Package fontspec Info: 
(fontspec)             LinBiolinum_RB scale = 1.


Package fontspec Info: 
(fontspec)             LinBiolinum_RI scale = 1.


Package fontspec Info: 
(fontspec)             LinBiolinum_RI scale = 1.


Package fontspec Info: 
(fontspec)             LinBiolinum_RBO scale = 1.


Package fontspec Info: 
(fontspec)             LinBiolinum_RBO scale = 1.


Package fontspec Info: 
(fontspec)             Font family 'LinBiolinum(1)' created for font
(fontspec)             'LinBiolinum' with options [Ligatures = TeX,Extension =
(fontspec)             .otf,SmallCapsFeatures={Letters=SmallCaps},Numbers =
(fontspec)             {Monospaced, Lining},Scale = 1,UprightFont =
(fontspec)             *_R,ItalicFont = *_RI,BoldFont = *_RB,BoldItalicFont =
(fontspec)             *_RBO].
(fontspec)              
(fontspec)              This font family consists of the following NFSS
(fontspec)             series/shapes:
(fontspec)              
(fontspec)             - 'normal' (m/n) with NFSS spec.:
(fontspec)             <->s*[1]"[LinBiolinum_R.otf]/OT:script=latn;language=dfl
t;+tnum;+lnum;mapping=tex-text;"
(fontspec)             - 'small caps'  (m/sc) with NFSS spec.:
(fontspec)             <->s*[1]"[LinBiolinum_R.otf]/OT:script=latn;language=dfl
t;+tnum;+lnum;+smcp;mapping=tex-text;"
(fontspec)             - 'bold' (b/n) with NFSS spec.:
(fontspec)             <->s*[1]"[LinBiolinum_RB.otf]/OT:script=latn;language=df
lt;+tnum;+lnum;mapping=tex-text;"
(fontspec)             - 'bold small caps'  (b/sc) with NFSS spec.:
(fontspec)             <->s*[1]"[LinBiolinum_RB.otf]/OT:script=latn;language=df
lt;+tnum;+lnum;+smcp;mapping=tex-text;"
(fontspec)             - 'italic' (m/it) with NFSS spec.:
(fontspec)             <->s*[1]"[LinBiolinum_RI.otf]/OT:script=latn;language=df
lt;+tnum;+lnum;mapping=tex-text;"
(fontspec)             - 'italic small caps'  (m/scit) with NFSS spec.:
(fontspec)             <->s*[1]"[LinBiolinum_RI.otf]/OT:script=latn;language=df
lt;+tnum;+lnum;+smcp;mapping=tex-text;"
(fontspec)             - 'bold italic' (b/it) with NFSS spec.:
(fontspec)             <->s*[1]"[LinBiolinum_RBO.otf]/OT:script=latn;language=d
flt;+tnum;+lnum;mapping=tex-text;"
(fontspec)             - 'bold italic small caps'  (b/scit) with NFSS spec.:
(fontspec)             <->s*[1]"[LinBiolinum_RBO.otf]/OT:script=latn;language=d
flt;+tnum;+lnum;+smcp;mapping=tex-text;"

LaTeX Font Info:    Overwriting math alphabet `\mathsf' in version `normal'
(Font)                  OT1/cmss/m/n --> TU/LinBiolinum(1)/m/n on input line 31
8.
LaTeX Font Info:    Overwriting math alphabet `\mathsf' in version `bold'
(Font)                  OT1/cmss/bx/n --> TU/LinBiolinum(1)/b/n on input line 3
18.

Package fontspec Info: 
(fontspec)             LinLibertine_R scale = 1.


Package fontspec Info: 
(fontspec)             LinLibertine_RZ scale = 1.


Package fontspec Info: 
(fontspec)             LinLibertine_RZ scale = 1.


Package fontspec Info: 
(fontspec)             LinLibertine_RZ scale = 1.


Package fontspec Info: 
(fontspec)             LinLibertine_RB scale = 1.


Package fontspec Info: 
(fontspec)             LinLibertine_RB scale = 1.


Package fontspec Info: 
(fontspec)             LinLibertine_RZI scale = 1.


Package fontspec Info: 
(fontspec)             LinLibertine_RZI scale = 1.


Package fontspec Info: 
(fontspec)             LinLibertine_RBI scale = 1.


Package fontspec Info: 
(fontspec)             LinLibertine_RBI scale = 1.


Package fontspec Info: 
(fontspec)             Font family 'LinLibertine(2)' created for font
(fontspec)             'LinLibertine' with options [Ligatures = TeX,Extension
(fontspec)             = .otf,SmallCapsFeatures={Letters=SmallCaps},Numbers =
(fontspec)             { Monospaced, Lining},Scale = 1,UprightFont =
(fontspec)             *_RZ,ItalicFont = *_RZI,BoldFont = *_RB,BoldItalicFont
(fontspec)             = *_RBI].
(fontspec)              
(fontspec)              This font family consists of the following NFSS
(fontspec)             series/shapes:
(fontspec)              
(fontspec)             - 'normal' (m/n) with NFSS spec.:
(fontspec)             <->s*[1]"[LinLibertine_RZ.otf]/OT:script=latn;language=d
flt;+tnum;+lnum;mapping=tex-text;"
(fontspec)             - 'small caps'  (m/sc) with NFSS spec.:
(fontspec)             <->s*[1]"[LinLibertine_RZ.otf]/OT:script=latn;language=d
flt;+tnum;+lnum;+smcp;mapping=tex-text;"
(fontspec)             - 'bold' (b/n) with NFSS spec.:
(fontspec)             <->s*[1]"[LinLibertine_RB.otf]/OT:script=latn;language=d
flt;+tnum;+lnum;mapping=tex-text;"
(fontspec)             - 'bold small caps'  (b/sc) with NFSS spec.:
(fontspec)             <->s*[1]"[LinLibertine_RB.otf]/OT:script=latn;language=d
flt;+tnum;+lnum;+smcp;mapping=tex-text;"
(fontspec)             - 'italic' (m/it) with NFSS spec.:
(fontspec)             <->s*[1]"[LinLibertine_RZI.otf]/OT:script=latn;language=
dflt;+tnum;+lnum;mapping=tex-text;"
(fontspec)             - 'italic small caps'  (m/scit) with NFSS spec.:
(fontspec)             <->s*[1]"[LinLibertine_RZI.otf]/OT:script=latn;language=
dflt;+tnum;+lnum;+smcp;mapping=tex-text;"
(fontspec)             - 'bold italic' (b/it) with NFSS spec.:
(fontspec)             <->s*[1]"[LinLibertine_RBI.otf]/OT:script=latn;language=
dflt;+tnum;+lnum;mapping=tex-text;"
(fontspec)             - 'bold italic small caps'  (b/scit) with NFSS spec.:
(fontspec)             <->s*[1]"[LinLibertine_RBI.otf]/OT:script=latn;language=
dflt;+tnum;+lnum;+smcp;mapping=tex-text;"


Package fontspec Info: 
(fontspec)             LinLibertine_R scale = 1.


Package fontspec Info: 
(fontspec)             LinLibertine_R scale = 1.


Package fontspec Info: 
(fontspec)             LinLibertine_R scale = 1.


Package fontspec Info: 
(fontspec)             LinLibertine_RB scale = 1.


Package fontspec Info: 
(fontspec)             LinLibertine_RB scale = 1.


Package fontspec Info: 
(fontspec)             LinLibertine_RI scale = 1.


Package fontspec Info: 
(fontspec)             LinLibertine_RI scale = 1.


Package fontspec Info: 
(fontspec)             LinLibertine_RBI scale = 1.


Package fontspec Info: 
(fontspec)             LinLibertine_RBI scale = 1.


Package fontspec Info: 
(fontspec)             Font family 'LinLibertine(3)' created for font
(fontspec)             'LinLibertine' with options [Ligatures = TeX,Extension
(fontspec)             = .otf,SmallCapsFeatures={Letters=SmallCaps},Numbers =
(fontspec)             {Monospaced,OldStyle},Scale = 1,UprightFont =
(fontspec)             *_R,ItalicFont = *_RI,BoldFont = *_RB,BoldItalicFont =
(fontspec)             *_RBI].
(fontspec)              
(fontspec)              This font family consists of the following NFSS
(fontspec)             series/shapes:
(fontspec)              
(fontspec)             - 'normal' (m/n) with NFSS spec.:
(fontspec)             <->s*[1]"[LinLibertine_R.otf]/OT:script=latn;language=df
lt;+tnum;+onum;mapping=tex-text;"
(fontspec)             - 'small caps'  (m/sc) with NFSS spec.:
(fontspec)             <->s*[1]"[LinLibertine_R.otf]/OT:script=latn;language=df
lt;+tnum;+onum;+smcp;mapping=tex-text;"
(fontspec)             - 'bold' (b/n) with NFSS spec.:
(fontspec)             <->s*[1]"[LinLibertine_RB.otf]/OT:script=latn;language=d
flt;+tnum;+onum;mapping=tex-text;"
(fontspec)             - 'bold small caps'  (b/sc) with NFSS spec.:
(fontspec)             <->s*[1]"[LinLibertine_RB.otf]/OT:script=latn;language=d
flt;+tnum;+onum;+smcp;mapping=tex-text;"
(fontspec)             - 'italic' (m/it) with NFSS spec.:
(fontspec)             <->s*[1]"[LinLibertine_RI.otf]/OT:script=latn;language=d
flt;+tnum;+onum;mapping=tex-text;"
(fontspec)             - 'italic small caps'  (m/scit) with NFSS spec.:
(fontspec)             <->s*[1]"[LinLibertine_RI.otf]/OT:script=latn;language=d
flt;+tnum;+onum;+smcp;mapping=tex-text;"
(fontspec)             - 'bold italic' (b/it) with NFSS spec.:
(fontspec)             <->s*[1]"[LinLibertine_RBI.otf]/OT:script=latn;language=
dflt;+tnum;+onum;mapping=tex-text;"
(fontspec)             - 'bold italic small caps'  (b/scit) with NFSS spec.:
(fontspec)             <->s*[1]"[LinLibertine_RBI.otf]/OT:script=latn;language=
dflt;+tnum;+onum;+smcp;mapping=tex-text;"


Package fontspec Info: 
(fontspec)             LinLibertine_R scale = 1.


Package fontspec Info: 
(fontspec)             Font family 'LinLibertine(4)' created for font
(fontspec)             'LinLibertine' with options [Ligatures = TeX,Extension
(fontspec)             = .otf,SmallCapsFeatures={Letters=SmallCaps},Numbers =
(fontspec)             {Monospaced,Lining},UprightFont = *_DR,ItalicFont =
(fontspec)             *_RI,BoldFont = *_RB,BoldItalicFont = *_RBI].
(fontspec)              
(fontspec)              This font family consists of the following NFSS
(fontspec)             series/shapes:
(fontspec)              
(fontspec)             - 'normal' (m/n) with NFSS spec.:
(fontspec)             <->"[LinLibertine_DR.otf]/OT:script=latn;language=dflt;+
tnum;+lnum;mapping=tex-text;"
(fontspec)             - 'bold' (b/n) with NFSS spec.:
(fontspec)             <->"[LinLibertine_RB.otf]/OT:script=latn;language=dflt;+
tnum;+lnum;mapping=tex-text;"
(fontspec)             - 'bold small caps'  (b/sc) with NFSS spec.:
(fontspec)             <->"[LinLibertine_RB.otf]/OT:script=latn;language=dflt;+
tnum;+lnum;+smcp;mapping=tex-text;"
(fontspec)             - 'italic' (m/it) with NFSS spec.:
(fontspec)             <->"[LinLibertine_RI.otf]/OT:script=latn;language=dflt;+
tnum;+lnum;mapping=tex-text;"
(fontspec)             - 'italic small caps'  (m/scit) with NFSS spec.:
(fontspec)             <->"[LinLibertine_RI.otf]/OT:script=latn;language=dflt;+
tnum;+lnum;+smcp;mapping=tex-text;"
(fontspec)             - 'bold italic' (b/it) with NFSS spec.:
(fontspec)             <->"[LinLibertine_RBI.otf]/OT:script=latn;language=dflt;
+tnum;+lnum;mapping=tex-text;"
(fontspec)             - 'bold italic small caps'  (b/scit) with NFSS spec.:
(fontspec)             <->"[LinLibertine_RBI.otf]/OT:script=latn;language=dflt;
+tnum;+lnum;+smcp;mapping=tex-text;"


Package fontspec Info: 
(fontspec)             LinBiolinum_R scale = 1.


Package fontspec Info: 
(fontspec)             LinBiolinum_R scale = 1.


Package fontspec Info: 
(fontspec)             LinBiolinum_R scale = 1.


Package fontspec Info: 
(fontspec)             LinBiolinum_R scale = 1.


Package fontspec Info: 
(fontspec)             LinBiolinum_RB scale = 1.


Package fontspec Info: 
(fontspec)             LinBiolinum_RB scale = 1.


Package fontspec Info: 
(fontspec)             LinBiolinum_RI scale = 1.


Package fontspec Info: 
(fontspec)             LinBiolinum_RI scale = 1.


Package fontspec Info: 
(fontspec)             LinBiolinum_RBO scale = 1.


Package fontspec Info: 
(fontspec)             LinBiolinum_RBO scale = 1.


Package fontspec Info: 
(fontspec)             Font family 'LinBiolinum(2)' created for font
(fontspec)             'LinBiolinum' with options [Ligatures = TeX,Extension =
(fontspec)             .otf,SmallCapsFeatures={Letters=SmallCaps},Numbers =
(fontspec)             {Monospaced, OldStyle},Scale = 1,UprightFont =
(fontspec)             *_R,ItalicFont = *_RI,BoldFont = *_RB,BoldItalicFont =
(fontspec)             *_RBO].
(fontspec)              
(fontspec)              This font family consists of the following NFSS
(fontspec)             series/shapes:
(fontspec)              
(fontspec)             - 'normal' (m/n) with NFSS spec.:
(fontspec)             <->s*[1]"[LinBiolinum_R.otf]/OT:script=latn;language=dfl
t;+tnum;+onum;mapping=tex-text;"
(fontspec)             - 'small caps'  (m/sc) with NFSS spec.:
(fontspec)             <->s*[1]"[LinBiolinum_R.otf]/OT:script=latn;language=dfl
t;+tnum;+onum;+smcp;mapping=tex-text;"
(fontspec)             - 'bold' (b/n) with NFSS spec.:
(fontspec)             <->s*[1]"[LinBiolinum_RB.otf]/OT:script=latn;language=df
lt;+tnum;+onum;mapping=tex-text;"
(fontspec)             - 'bold small caps'  (b/sc) with NFSS spec.:
(fontspec)             <->s*[1]"[LinBiolinum_RB.otf]/OT:script=latn;language=df
lt;+tnum;+onum;+smcp;mapping=tex-text;"
(fontspec)             - 'italic' (m/it) with NFSS spec.:
(fontspec)             <->s*[1]"[LinBiolinum_RI.otf]/OT:script=latn;language=df
lt;+tnum;+onum;mapping=tex-text;"
(fontspec)             - 'italic small caps'  (m/scit) with NFSS spec.:
(fontspec)             <->s*[1]"[LinBiolinum_RI.otf]/OT:script=latn;language=df
lt;+tnum;+onum;+smcp;mapping=tex-text;"
(fontspec)             - 'bold italic' (b/it) with NFSS spec.:
(fontspec)             <->s*[1]"[LinBiolinum_RBO.otf]/OT:script=latn;language=d
flt;+tnum;+onum;mapping=tex-text;"
(fontspec)             - 'bold italic small caps'  (b/scit) with NFSS spec.:
(fontspec)             <->s*[1]"[LinBiolinum_RBO.otf]/OT:script=latn;language=d
flt;+tnum;+onum;+smcp;mapping=tex-text;"


Package fontspec Info: 
(fontspec)             LinBiolinum_R scale = 1.


Package fontspec Info: 
(fontspec)             LinLibertine_M scale = 1.


Package fontspec Info: 
(fontspec)             LinLibertine_M scale = 1.


Package fontspec Info: 
(fontspec)             LinLibertine_MB scale = 1.


Package fontspec Info: 
(fontspec)             LinLibertine_MO scale = 1.


Package fontspec Info: 
(fontspec)             LinLibertine_MBO scale = 1.


Package fontspec Info: 
(fontspec)             Font family 'LinLibertine(5)' created for font
(fontspec)             'LinLibertine' with options [Extension =
(fontspec)             .otf,HyphenChar=None,Scale = 1,UprightFont =
(fontspec)             *_M,ItalicFont = *_MO,BoldFont = *_MB,BoldItalicFont =
(fontspec)             *_MBO].
(fontspec)              
(fontspec)              This font family consists of the following NFSS
(fontspec)             series/shapes:
(fontspec)              
(fontspec)             - 'normal' (m/n) with NFSS spec.:
(fontspec)             <->s*[1]"[LinLibertine_M.otf]/OT:script=latn;language=df
lt;"
(fontspec)             - 'bold' (b/n) with NFSS spec.:
(fontspec)             <->s*[1]"[LinLibertine_MB.otf]/OT:script=latn;language=d
flt;"
(fontspec)             - 'italic' (m/it) with NFSS spec.:
(fontspec)             <->s*[1]"[LinLibertine_MO.otf]/OT:script=latn;language=d
flt;"
(fontspec)             - 'bold italic' (b/it) with NFSS spec.:
(fontspec)             <->s*[1]"[LinLibertine_MBO.otf]/OT:script=latn;language=
dflt;"


Package fontspec Info: 
(fontspec)             Font family 'LinBiolinum_K(0)' created for font
(fontspec)             'LinBiolinum_K' with options [Extension =
(fontspec)             .otf,HyphenChar=None,BoldFont={},ItalicFont={},SmallCaps
Font={}].
(fontspec)              
(fontspec)              This font family consists of the following NFSS
(fontspec)             series/shapes:
(fontspec)              
(fontspec)             - 'normal' (m/n) with NFSS spec.:
(fontspec)             <->"[LinBiolinum_K.otf]/OT:script=latn;language=dflt;"


Package fontspec Info: 
(fontspec)             Font family 'LinLibertine_I(0)' created for font
(fontspec)             'LinLibertine_I' with options [Extension =
(fontspec)             .otf,HyphenChar=None,BoldFont={},ItalicFont={},SmallCaps
Font={}].
(fontspec)              
(fontspec)              This font family consists of the following NFSS
(fontspec)             series/shapes:
(fontspec)              
(fontspec)             - 'normal' (m/n) with NFSS spec.:
(fontspec)             <->"[LinLibertine_I.otf]/OT:script=latn;language=dflt;"

LaTeX Info: Redefining \oldstylenums on input line 475.
LaTeX Info: Redefining \liningnums on input line 476.

(c:/texlive/2026/texmf-dist/tex/latex/libertine/LinLibertine_R.tex)
(c:/texlive/2026/texmf-dist/tex/latex/libertine/LinBiolinum_R.tex)
(c:/texlive/2026/texmf-dist/tex/latex/libertine/LinBiolinum_K.tex)
(c:/texlive/2026/texmf-dist/tex/latex/libertine/LinLibertine_I.tex)
(c:/texlive/2026/texmf-dist/tex/latex/libertine/LKey.tex)
LaTeX Info: Redefining \textsup on input line 552.
)
(c:/texlive/2026/texmf-dist/tex/latex/inconsolata/inconsolata.fontspec)

Package fontspec Info: 
(fontspec)             Font family 'inconsolata(0)' created for font
(fontspec)             'inconsolata' with options
(fontspec)             [WordSpace={1,0,0},HyphenChar=None,PunctuationSpace=Word
Space,Extension
(fontspec)             = .otf,UprightFont = Inconsolatazi4-Regular,BoldFont =
(fontspec)             Inconsolatazi4-Bold,StylisticSet=3].
(fontspec)              
(fontspec)              This font family consists of the following NFSS
(fontspec)             series/shapes:
(fontspec)              
(fontspec)             - 'normal' (m/n) with NFSS spec.:
(fontspec)             <->"[Inconsolatazi4-Regular.otf]/OT:script=latn;language
=dflt;+ss03;"
(fontspec)             - 'bold' (b/n) with NFSS spec.:
(fontspec)             <->"[Inconsolatazi4-Bold.otf]/OT:script=latn;language=df
lt;+ss03;"


Package fontspec Info: 
(fontspec)             Font family 'inconsolata(1)' created for font
(fontspec)             'inconsolata' with options [Extension =
(fontspec)             .otf,UprightFont = Inconsolatazi4-Regular,BoldFont =
(fontspec)             Inconsolatazi4-Bold,StylisticSet=3].
(fontspec)              
(fontspec)              This font family consists of the following NFSS
(fontspec)             series/shapes:
(fontspec)              
(fontspec)             - 'normal' (m/n) with NFSS spec.:
(fontspec)             <->"[Inconsolatazi4-Regular.otf]/OT:script=latn;language
=dflt;+ss03;"
(fontspec)             - 'bold' (b/n) with NFSS spec.:
(fontspec)             <->"[Inconsolatazi4-Bold.otf]/OT:script=latn;language=df
lt;+ss03;"

LaTeX Font Info:    Overwriting math alphabet `\mathtt' in version `normal'
(Font)                  OT1/cmtt/m/n --> TU/inconsolata(1)/m/n on input line 79
3.
LaTeX Font Info:    Overwriting math alphabet `\mathtt' in version `bold'
(Font)                  OT1/cmtt/m/n --> TU/inconsolata(1)/b/n on input line 79
3.

(c:/texlive/2026/texmf-dist/tex/latex/psnfss/pifont.sty
Package: pifont 2020/03/25 PSNFSS-v9.3 Pi font support (SPQR) 
LaTeX Font Info:    Trying to load font information for U+pzd on input line 63.


(c:/texlive/2026/texmf-dist/tex/latex/psnfss/upzd.fd
File: upzd.fd 2001/06/04 font definitions for U/pzd.
)
LaTeX Font Info:    Trying to load font information for U+psy on input line 64.


(c:/texlive/2026/texmf-dist/tex/latex/psnfss/upsy.fd
File: upsy.fd 2001/06/04 font definitions for U/psy.
))
(c:/texlive/2026/texmf-dist/tex/latex/caption/caption.sty
Package: caption 2023/08/05 v3.6o Customizing captions (AR)

(c:/texlive/2026/texmf-dist/tex/latex/caption/caption3.sty
Package: caption3 2023/07/31 v2.4d caption3 kernel (AR)
\caption@tempdima=\dimen193
\captionmargin=\dimen194
\caption@leftmargin=\dimen195
\caption@rightmargin=\dimen196
\caption@width=\dimen197
\caption@indent=\dimen198
\caption@parindent=\dimen199
\caption@hangindent=\dimen256
Package caption Info: AMS or SMF document class detected.

(c:/texlive/2026/texmf-dist/tex/latex/caption/caption-ams-smf.sto
File: caption-ams-smf.sto 2020/08/22 v2.0 Adaption of the caption package to th
e AMS and SMF document classes (AR)
))
\c@caption@flags=\count337
\c@continuedfloat=\count338
Package caption Info: hyperref package is loaded.
)
(c:/texlive/2026/texmf-dist/tex/latex/float/float.sty
Package: float 2001/11/08 v1.3d Float enhancements (AL)
\c@float@type=\count339
\float@exts=\toks35
\float@box=\box58
\@float@everytoks=\toks36
\@floatcapt=\box59
)
\@float@every@sidebar=\toks37
\c@sidebar=\count340
\fulltextwidth=\dimen257
\@ACM@labelwidth=\dimen258
\listisep=\skip61
\num@authorgroups=\count341
\num@authors=\count342
\@ACM@badge@width=\skip62
\@ACM@title@width=\skip63
\@ACM@badge@skip=\skip64
Class acmart Info: Printing CCS on input line 1808.
Class acmart Info: Printing bibformat on input line 1808.
Class acmart Info: Suppressing folios on input line 1815.
Class acmart Info: Setting authorsperrow to 0 on input line 1818.

(c:/texlive/2026/texmf-dist/tex/latex/comment/comment.sty
\CommentStream=\write3

Excluding comment 'comment') Excluding comment 'CCSXML'
\c@@concepts=\count343
\mktitle@bx=\box60
\@ACM@acmcpbox=\box61
\@ACM@commabox=\box62
\author@bx=\box63
\author@bx@wd=\dimen259
\author@bx@sep=\skip65

(c:/texlive/2026/texmf-dist/tex/latex/fancyhdr/fancyhdr.sty
Package: fancyhdr 2025/02/07 v5.2 Extensive control of page headers and footers

\f@nch@headwidth=\skip66
\f@nch@offset@elh=\skip67
\f@nch@offset@erh=\skip68
\f@nch@offset@olh=\skip69
\f@nch@offset@orh=\skip70
\f@nch@offset@elf=\skip71
\f@nch@offset@erf=\skip72
\f@nch@offset@olf=\skip73
\f@nch@offset@orf=\skip74
\f@nch@height=\skip75
\f@nch@footalignment=\skip76
\f@nch@widthL=\skip77
\f@nch@widthC=\skip78
\f@nch@widthR=\skip79
\@temptokenb=\toks38
)
Special comment 'acks')
(c:/texlive/2026/texmf-dist/tex/latex/biblatex/biblatex.sty
Package: biblatex 2025/07/10 v3.21 programmable bibliographies (PK/MW)

(c:/texlive/2026/texmf-dist/tex/latex/logreq/logreq.sty
Package: logreq 2010/08/04 v1.0 xml request logger
\lrq@indent=\count344

(c:/texlive/2026/texmf-dist/tex/latex/logreq/logreq.def
File: logreq.def 2010/08/04 v1.0 logreq spec v1.0
))
\c@tabx@nest=\count345
\c@listtotal=\count346
\c@listcount=\count347
\c@liststart=\count348
\c@liststop=\count349
\c@citecount=\count350
\c@citetotal=\count351
\c@multicitecount=\count352
\c@multicitetotal=\count353
\c@instcount=\count354
\c@maxnames=\count355
\c@minnames=\count356
\c@maxitems=\count357
\c@minitems=\count358
\c@citecounter=\count359
\c@maxcitecounter=\count360
\c@savedcitecounter=\count361
\c@uniquelist=\count362
\c@uniquename=\count363
\c@refsection=\count364
\c@refsegment=\count365
\c@maxextratitle=\count366
\c@maxextratitleyear=\count367
\c@maxextraname=\count368
\c@maxextradate=\count369
\c@maxextraalpha=\count370
\c@abbrvpenalty=\count371
\c@highnamepenalty=\count372
\c@lownamepenalty=\count373
\c@maxparens=\count374
\c@parenlevel=\count375
\blx@tempcnta=\count376
\blx@tempcntb=\count377
\blx@tempcntc=\count378
\c@blx@maxsection=\count379
\blx@maxsegment@0=\count380
\blx@notetype=\count381
\blx@parenlevel@text=\count382
\blx@parenlevel@foot=\count383
\blx@sectionciteorder@0=\count384
\blx@sectionciteorderinternal@0=\count385
\blx@entrysetcounter=\count386
\blx@biblioinstance=\count387
\labelnumberwidth=\skip80
\labelalphawidth=\skip81
\biblabelsep=\skip82
\bibitemsep=\skip83
\bibnamesep=\skip84
\bibinitsep=\skip85
\bibparsep=\skip86
\bibhang=\skip87
\blx@bcfin=\read2
\blx@bcfout=\write4
\blx@langwohyphens=\language91
\c@mincomprange=\count388
\c@maxcomprange=\count389
\c@mincompwidth=\count390
Package biblatex Info: Trying to load biblatex default data model...
Package biblatex Info: ... file 'blx-dm.def' found.

(c:/texlive/2026/texmf-dist/tex/latex/biblatex/blx-dm.def
File: blx-dm.def 2025/07/10 v3.21 biblatex datamodel (PK/MW)
)
Package biblatex Info: Trying to load biblatex style data model...
Package biblatex Info: ... file 'acmdatamodel.dbx' found.
 (./acmdatamodel.dbx
Package biblatex Info: Trying to load biblatex data model extension for softwar
e...
Package biblatex Info: ... file 'software.dbx' found.

(c:/texlive/2026/texmf-dist/tex/latex/biblatex-software/software.dbx
File: software.dbx 2022/08/01 datamodel extension for software entries, Roberto
 Di Cosmo
))
Package biblatex Info: Trying to load biblatex custom data model...
Package biblatex Info: ... file 'biblatex-dm.cfg' not found.
\c@afterword=\count391
\c@savedafterword=\count392
\c@annotator=\count393
\c@savedannotator=\count394
\c@author=\count395
\c@savedauthor=\count396
\c@bookauthor=\count397
\c@savedbookauthor=\count398
\c@commentator=\count399
\c@savedcommentator=\count400
\c@editor=\count401
\c@savededitor=\count402
\c@editora=\count403
\c@savededitora=\count404
\c@editorb=\count405
\c@savededitorb=\count406
\c@editorc=\count407
\c@savededitorc=\count408
\c@foreword=\count409
\c@savedforeword=\count410
\c@holder=\count411
\c@savedholder=\count412
\c@introduction=\count413
\c@savedintroduction=\count414
\c@namea=\count415
\c@savednamea=\count416
\c@nameb=\count417
\c@savednameb=\count418
\c@namec=\count419
\c@savednamec=\count420
\c@translator=\count421
\c@savedtranslator=\count422
\c@shortauthor=\count423
\c@savedshortauthor=\count424
\c@shorteditor=\count425
\c@savedshorteditor=\count426
\c@labelname=\count427
\c@savedlabelname=\count428
\c@institution=\count429
\c@savedinstitution=\count430
\c@lista=\count431
\c@savedlista=\count432
\c@listb=\count433
\c@savedlistb=\count434
\c@listc=\count435
\c@savedlistc=\count436
\c@listd=\count437
\c@savedlistd=\count438
\c@liste=\count439
\c@savedliste=\count440
\c@listf=\count441
\c@savedlistf=\count442
\c@location=\count443
\c@savedlocation=\count444
\c@organization=\count445
\c@savedorganization=\count446
\c@origlocation=\count447
\c@savedoriglocation=\count448
\c@origpublisher=\count449
\c@savedorigpublisher=\count450
\c@publisher=\count451
\c@savedpublisher=\count452
\c@language=\count453
\c@savedlanguage=\count454
\c@origlanguage=\count455
\c@savedoriglanguage=\count456
\c@urls=\count457
\c@savedurls=\count458
\c@urlsraw=\count459
\c@savedurlsraw=\count460
\c@school=\count461
\c@savedschool=\count462
\c@license=\count463
\c@savedlicense=\count464
\c@pageref=\count465
\c@savedpageref=\count466
\shorthandwidth=\skip88
\shortjournalwidth=\skip89
\shortserieswidth=\skip90
\shorttitlewidth=\skip91
\shortauthorwidth=\skip92
\shorteditorwidth=\skip93
\locallabelnumberwidth=\skip94
\locallabelalphawidth=\skip95
\localshorthandwidth=\skip96
\localshortjournalwidth=\skip97
\localshortserieswidth=\skip98
\localshorttitlewidth=\skip99
\localshortauthorwidth=\skip100
\localshorteditorwidth=\skip101
Package biblatex Info: Trying to load enhanced support for Unicode engines...
Package biblatex Info: ... file 'blx-unicode.def' found.

(c:/texlive/2026/texmf-dist/tex/latex/biblatex/blx-unicode.def)
Package biblatex Info: Trying to load compatibility code...
Package biblatex Info: ... file 'blx-compat.def' found.

(c:/texlive/2026/texmf-dist/tex/latex/biblatex/blx-compat.def
File: blx-compat.def 2025/07/10 v3.21 biblatex compatibility (PK/MW)
)
Package biblatex Info: Trying to load generic definitions...
Package biblatex Info: ... file 'biblatex.def' found.

(c:/texlive/2026/texmf-dist/tex/latex/biblatex/biblatex.def
File: biblatex.def 2025/07/10 v3.21 biblatex compatibility (PK/MW)
\c@textcitecount=\count467
\c@textcitetotal=\count468
\c@textcitemaxnames=\count469
\c@biburlbigbreakpenalty=\count470
\c@biburlbreakpenalty=\count471
\c@biburlnumpenalty=\count472
\c@biburlucpenalty=\count473
\c@biburllcpenalty=\count474
\biburlbigskip=\muskip20
\biburlnumskip=\muskip21
\biburlucskip=\muskip22
\biburllcskip=\muskip23
\c@smartand=\count475
)
Package biblatex Info: Trying to load bibliography style 'acmnumeric'...
Package biblatex Info: ... file 'acmnumeric.bbx' found.
 (./acmnumeric.bbx
File: acmnumeric.bbx 2017-09-27 v0.1 biblatex bibliography style
Package biblatex Info: Trying to load bibliography style 'trad-plain'...
Package biblatex Info: ... file 'trad-plain.bbx' found.

(c:/texlive/2026/texmf-dist/tex/latex/biblatex-trad/trad-plain.bbx
File: trad-plain.bbx 2021/03/06 v0.5 biblatex-trad plain bibliography style
Package biblatex Info: Trying to load bibliography style 'trad-standard'...
Package biblatex Info: ... file 'trad-standard.bbx' found.

(c:/texlive/2026/texmf-dist/tex/latex/biblatex-trad/trad-standard.bbx
File: trad-standard.bbx 2021/03/06 v0.5 biblatex-trad base bibliography style
Package biblatex Info: Trying to load bibliography style 'standard'...
Package biblatex Info: ... file 'standard.bbx' found.

(c:/texlive/2026/texmf-dist/tex/latex/biblatex/bbx/standard.bbx
File: standard.bbx 2025/07/10 v3.21 biblatex bibliography style (PK/MW)
\c@bbx:relatedcount=\count476
\c@bbx:relatedtotal=\count477
)))
Package biblatex Info: Trying to load biblatex style for software...
Package biblatex Info: ... file 'software.bbx' found.

(c:/texlive/2026/texmf-dist/tex/latex/biblatex-software/software.bbx
File: software.bbx 2022/08/01 bibliography driver extension for software entrie
s, Roberto Di Cosmo

(c:/texlive/2026/texmf-dist/tex/latex/xurl/xurl.sty
Package: xurl 2022/01/09 v 0.10 modify URL breaks

xurl: Set penalties for biblatex
)
\bbx@tempbox=\box64
\bbx@tempboxb=\box65
\bbx@tempboxc=\box66
\bbx@tempboxd=\box67
))
Package biblatex Info: Trying to load citation style 'acmnumeric'...
Package biblatex Info: ... file 'acmnumeric.cbx' found.
 (./acmnumeric.cbx
File: acmnumeric.cbx 2017-09-27 v0.1
Package biblatex Info: Trying to load citation style 'numeric'...
Package biblatex Info: ... file 'numeric.cbx' found.

(c:/texlive/2026/texmf-dist/tex/latex/biblatex/cbx/numeric.cbx
File: numeric.cbx 2025/07/10 v3.21 biblatex citation style (PK/MW)
Package biblatex Info: Redefining '\cite'.
Package biblatex Info: Redefining '\parencite'.
Package biblatex Info: Redefining '\footcite'.
Package biblatex Info: Redefining '\footcitetext'.
Package biblatex Info: Redefining '\smartcite'.
Package biblatex Info: Redefining '\supercite'.
Package biblatex Info: Redefining '\textcite'.
Package biblatex Info: Redefining '\textcites'.
Package biblatex Info: Redefining '\cites'.
Package biblatex Info: Redefining '\parencites'.
Package biblatex Info: Redefining '\smartcites'.
))
Package biblatex Info: Trying to load configuration file...
Package biblatex Info: ... file 'biblatex.cfg' found.

(c:/texlive/2026/texmf-dist/tex/latex/biblatex/biblatex.cfg
File: biblatex.cfg 
)
Package biblatex Info: XeTeX detected.
(biblatex)             Assuming input encoding 'utf8'.
Package biblatex Info: Document encoding is UTF8 ....
Package biblatex Info: ... and expl3
(biblatex)             2026-01-19 L3 programming layer (loader) 
(biblatex)             is new enough (at least 2020/04/06),
(biblatex)             setting 'casechanger=expl3'.

(c:/texlive/2026/texmf-dist/tex/latex/biblatex/blx-case-expl3.sty
Package: blx-case-expl3 2025/07/10 v3.21 expl3 case changing code for biblatex
))
(c:/texlive/2026/texmf-dist/tex/xelatex/xecjk/xeCJK.sty
Package: xeCJK 2022/08/05 v3.9.1 Typesetting CJK scripts with XeLaTeX

(c:/texlive/2026/texmf-dist/tex/latex/ctex/ctexhook.sty
Package: ctexhook 2022/07/14 v2.5.10 Document and package hooks (CTEX)
)
(c:/texlive/2026/texmf-dist/tex/latex/l3packages/xtemplate/xtemplate.sty
Package: xtemplate 2025-10-09 L3 Experimental prototype document functions
)
\l__xeCJK_tmp_int=\count478
\l__xeCJK_tmp_box=\box68
\l__xeCJK_tmp_dim=\dimen260
\l__xeCJK_tmp_skip=\skip102
\g__xeCJK_space_factor_int=\count479
\l__xeCJK_begin_int=\count480
\l__xeCJK_end_int=\count481
\c__xeCJK_CJK_class_int=\XeTeXcharclass1
\c__xeCJK_FullLeft_class_int=\XeTeXcharclass2
\c__xeCJK_FullRight_class_int=\XeTeXcharclass3
\c__xeCJK_HalfLeft_class_int=\XeTeXcharclass4
\c__xeCJK_HalfRight_class_int=\XeTeXcharclass5
\c__xeCJK_NormalSpace_class_int=\XeTeXcharclass6
\c__xeCJK_CM_class_int=\XeTeXcharclass7
\c__xeCJK_HangulJamo_class_int=\XeTeXcharclass8
\l__xeCJK_last_skip=\skip103
\c__xeCJK_none_node=\count482
\g__xeCJK_node_int=\count483
\c__xeCJK_CJK_node_dim=\dimen261
\c__xeCJK_CJK-space_node_dim=\dimen262
\c__xeCJK_default_node_dim=\dimen263
\c__xeCJK_CJK-widow_node_dim=\dimen264
\c__xeCJK_normalspace_node_dim=\dimen265
\c__xeCJK_default-space_node_skip=\skip104
\l__xeCJK_ccglue_skip=\skip105
\l__xeCJK_ecglue_skip=\skip106
\l__xeCJK_punct_kern_skip=\skip107
\l__xeCJK_indent_box=\box69
\l__xeCJK_last_penalty_int=\count484
\l__xeCJK_last_bound_dim=\dimen266
\l__xeCJK_last_kern_dim=\dimen267
\l__xeCJK_widow_penalty_int=\count485

LaTeX template Info: Declaring template type 'xeCJK/punctuation' taking 0
(template)           argument(s) on line 2396.

\l__xeCJK_fixed_punct_width_dim=\dimen268
\l__xeCJK_mixed_punct_width_dim=\dimen269
\l__xeCJK_middle_punct_width_dim=\dimen270
\l__xeCJK_fixed_margin_width_dim=\dimen271
\l__xeCJK_mixed_margin_width_dim=\dimen272
\l__xeCJK_middle_margin_width_dim=\dimen273
\l__xeCJK_bound_punct_width_dim=\dimen274
\l__xeCJK_bound_margin_width_dim=\dimen275
\l__xeCJK_margin_minimum_dim=\dimen276
\l__xeCJK_kerning_total_width_dim=\dimen277
\l__xeCJK_same_align_margin_dim=\dimen278
\l__xeCJK_different_align_margin_dim=\dimen279
\l__xeCJK_kerning_margin_width_dim=\dimen280
\l__xeCJK_kerning_margin_minimum_dim=\dimen281
\l__xeCJK_bound_dim=\dimen282
\l__xeCJK_reverse_bound_dim=\dimen283
\l__xeCJK_margin_dim=\dimen284
\l__xeCJK_minimum_bound_dim=\dimen285
\l__xeCJK_kerning_margin_dim=\dimen286
\g__xeCJK_family_int=\count486
\l__xeCJK_fam_int=\count487
\g__xeCJK_fam_allocation_int=\count488
\l__xeCJK_verb_case_int=\count489
\l__xeCJK_verb_exspace_skip=\skip108

(c:/texlive/2026/texmf-dist/tex/xelatex/xecjk/xeCJK.cfg
File: xeCJK.cfg 2022/08/05 v3.9.1 Configuration file for xeCJK package
))

Package fontspec Info: 
(fontspec)             Could not resolve font "SimSun/BI" (it probably doesn't
(fontspec)             exist).


Package fontspec Info: 
(fontspec)             Could not resolve font "SimSun/B" (it probably doesn't
(fontspec)             exist).


Package fontspec Info: 
(fontspec)             Could not resolve font "SimSun/I" (it probably doesn't
(fontspec)             exist).


Package fontspec Info: 
(fontspec)             Font family 'SimSun(0)' created for font 'SimSun' with
(fontspec)             options [Script={CJK}].
(fontspec)              
(fontspec)              This font family consists of the following NFSS
(fontspec)             series/shapes:
(fontspec)              
(fontspec)             - 'normal' (m/n) with NFSS spec.:
(fontspec)             <->"SimSun/OT:script=hani;language=dflt;"

Package hyperref Info: Option `pdfdisplaydoctitle' set `true' on input line 109
.
\c@theorem=\count490

(c:/texlive/2026/texmf-dist/tex/latex/preprint/balance.sty
Package: balance 1999/02/23 4.3 (PWD)
\oldvsize=\dimen287
)
Excluding comment 'screenonly' Include comment 'printonly'
Include comment 'anonsuppress'
\@quotelevel=\count491
\@quotereset=\count492


LaTeX Warning: Unused global option(s):
    [natbib=false].

(./sigconf-biblatex.aux)
\openout1 = `sigconf-biblatex.aux'.

LaTeX Font Info:    Checking defaults for OML/cmm/m/it on input line 109.
LaTeX Font Info:    ... okay on input line 109.
LaTeX Font Info:    Checking defaults for OMS/cmsy/m/n on input line 109.
LaTeX Font Info:    ... okay on input line 109.
LaTeX Font Info:    Checking defaults for OT1/cmr/m/n on input line 109.
LaTeX Font Info:    ... okay on input line 109.
LaTeX Font Info:    Checking defaults for T1/cmr/m/n on input line 109.
LaTeX Font Info:    ... okay on input line 109.
LaTeX Font Info:    Checking defaults for TS1/cmr/m/n on input line 109.
LaTeX Font Info:    ... okay on input line 109.
LaTeX Font Info:    Checking defaults for TU/lmr/m/n on input line 109.
LaTeX Font Info:    ... okay on input line 109.
LaTeX Font Info:    Checking defaults for OMX/cmex/m/n on input line 109.
LaTeX Font Info:    ... okay on input line 109.
LaTeX Font Info:    Checking defaults for U/cmr/m/n on input line 109.
LaTeX Font Info:    ... okay on input line 109.
LaTeX Font Info:    Checking defaults for PD1/pdf/m/n on input line 109.
LaTeX Font Info:    ... okay on input line 109.
LaTeX Font Info:    Checking defaults for PU/pdf/m/n on input line 109.
LaTeX Font Info:    ... okay on input line 109.
LaTeX Font Info:    Font shape `TU/LinLibertine(0)/m/n' will be
(Font)              scaled to size 7.0pt on input line 109.
LaTeX Font Info:    Font shape `TU/LibertinusMath-Regular.otf(1)/m/n' will be
(Font)              scaled to size 7.26596pt on input line 109.
LaTeX Font Info:    Font shape `TU/LibertinusMath-Regular.otf(1)/m/n' will be
(Font)              scaled to size 5.18997pt on input line 109.
LaTeX Font Info:    Font shape `TU/LibertinusMath-Regular.otf(2)/m/n' will be
(Font)              scaled to size 7.2666pt on input line 109.
LaTeX Font Info:    Font shape `TU/LibertinusMath-Regular.otf(2)/m/n' will be
(Font)              scaled to size 5.19043pt on input line 109.
LaTeX Font Info:    Font shape `TU/LibertinusMath-Regular.otf(3)/m/n' will be
(Font)              scaled to size 7.26521pt on input line 109.
LaTeX Font Info:    Font shape `TU/LibertinusMath-Regular.otf(3)/m/n' will be
(Font)              scaled to size 5.18944pt on input line 109.
LaTeX Font Info:    Trying to load font information for U+msa on input line 109
.
 (c:/texlive/2026/texmf-dist/tex/latex/amsfonts/umsa.fd
File: umsa.fd 2013/01/14 v3.01 AMS symbols A
)
LaTeX Font Info:    Trying to load font information for U+msb on input line 109
.
 (c:/texlive/2026/texmf-dist/tex/latex/amsfonts/umsb.fd
File: umsb.fd 2013/01/14 v3.01 AMS symbols B
)
LaTeX Info: Redefining \microtypecontext on input line 109.
Package microtype Info: Applying patch `item' on input line 109.
Package microtype Info: Applying patch `toc' on input line 109.
Package microtype Info: Applying patch `eqnum' on input line 109.
Package microtype Info: Applying patch `footnote' on input line 109.
Package microtype Info: Applying patch `verbatim' on input line 109.
LaTeX Info: Redefining \microtypesetup on input line 109.
Package microtype Info: Character protrusion enabled (level 2).
Package microtype Info: Using default protrusion set `alltext'.
Package microtype Info: No adjustment of tracking.
Package microtype Info: No adjustment of spacing.
Package microtype Info: No adjustment of kerning.
Package microtype Info: Loading generic protrusion settings for font family
(microtype)             `LinLibertine' (encoding: TU).
(microtype)             For optimal results, create family-specific settings.
(microtype)             See the microtype manual for details.
Package hyperref Info: Link coloring OFF on input line 109.

(./sigconf-biblatex.out) (./sigconf-biblatex.out)
\@outlinefile=\write5
\openout5 = `sigconf-biblatex.out'.


*geometry* driver: auto-detecting
*geometry* detected driver: xetex
*geometry* verbose mode - [ preamble ] result:
* driver: xetex
* paper: custom
* layout: <same size as paper>
* layoutoffset:(h,v)=(0.0pt,0.0pt)
* modes: includehead includefoot twoside heightrounded 
* h-part:(L,W,R)=(54.0pt, 506.295pt, 54.0pt)
* v-part:(T,H,B)=(57.0pt, 664.96999pt, 73.0pt)
* \paperwidth=614.295pt
* \paperheight=794.96999pt
* \textwidth=506.295pt
* \textheight=626.0pt
* \oddsidemargin=-18.26999pt
* \evensidemargin=-18.26999pt
* \topmargin=-15.26999pt
* \headheight=13.0pt
* \headsep=14.0pt
* \topskip=10.0pt
* \footskip=12.0pt
* \marginparwidth=24.0pt
* \marginparsep=11.0pt
* \columnsep=24.0pt
* \skip\footins=7.0pt plus 11.0pt
* \hoffset=0.0pt
* \voffset=0.0pt
* \mag=1000
* \@twocolumnfalse
* \@twosidetrue
* \@mparswitchtrue
* \@reversemarginfalse
* (1in=72.27pt=25.4mm, 1cm=28.453pt)

Package caption Info: Begin \AtBeginDocument code.
Package caption Info: float package is loaded.
Package caption Info: End \AtBeginDocument code.
Package biblatex Info: Trying to load language 'american'...
Package biblatex Info: ... file 'american.lbx' found.
(c:/texlive/2026/texmf-dist/tex/latex/biblatex/lbx/american.lbx
File: american.lbx 2025/07/10 v3.21 biblatex localization (PK/MW)
Package biblatex Info: Trying to load language 'english' -> 'english-software'.
..
Package biblatex Info: ... file 'english-software.lbx' found.

(c:/texlive/2026/texmf-dist/tex/latex/biblatex-software/english-software.lbx
File: english-software.lbx 2022/08/01 english with additions for software
Package biblatex Info: Trying to load language 'english'...
Package biblatex Info: ... file 'english.lbx' found.

(c:/texlive/2026/texmf-dist/tex/latex/biblatex/lbx/english.lbx
File: english.lbx 2025/07/10 v3.21 biblatex localization (PK/MW)
))
Package biblatex Info: Trying to load language 'english' -> 'english-software'.
..
Package biblatex Info: ... file 'english-software.lbx' found.

(c:/texlive/2026/texmf-dist/tex/latex/biblatex-software/english-software.lbx
File: english-software.lbx 2022/08/01 english with additions for software
Package biblatex Info: Trying to load language 'english'...
Package biblatex Info: ... file 'english.lbx' found.

(c:/texlive/2026/texmf-dist/tex/latex/biblatex/lbx/english.lbx
File: english.lbx 2025/07/10 v3.21 biblatex localization (PK/MW)
)))
Package biblatex Info: XeTeX detected.
(biblatex)             Assuming input encoding 'utf8'.
Package biblatex Info: Automatic encoding selection.
(biblatex)             Assuming data encoding 'utf8'.
\openout4 = `sigconf-biblatex.bcf'.

Package biblatex Info: Trying to load bibliographic data...
Package biblatex Info: ... file 'sigconf-biblatex.bbl' not found.

No file sigconf-biblatex.bbl.
Package biblatex Info: Reference section=0 on input line 109.
Package biblatex Info: Reference segment=0 on input line 109.
Excluding 'CCSXML' comment.
LaTeX Font Info:    Font shape `TU/LinLibertine(0)/m/n' will be
(Font)              scaled to size 17.28pt on input line 265.


Package xeCJK Warning: Unknown CJK family `\CJKsfdefault' is being ignored.
(xeCJK)                
(xeCJK)                Try to use `\setCJKsansfont[<...>]{<...>}' to define
(xeCJK)                it.

LaTeX Font Info:    Font shape `TU/LinBiolinum(0)/m/n' will be
(Font)              scaled to size 17.28pt on input line 265.
Package microtype Info: Loading generic protrusion settings for font family
(microtype)             `LinBiolinum' (encoding: TU).
(microtype)             For optimal results, create family-specific settings.
(microtype)             See the microtype manual for details.
LaTeX Font Info:    Font shape `TU/LinBiolinum(0)/b/n' will be
(Font)              scaled to size 17.28pt on input line 265.
LaTeX Font Info:    Font shape `TU/LinLibertine(0)/m/n' will be
(Font)              scaled to size 12.0pt on input line 265.
LaTeX Font Info:    Font shape `TU/LibertinusMath-Regular.otf(1)/m/n' will be
(Font)              scaled to size 12.45593pt on input line 265.
Package microtype Info: Loading generic protrusion settings for font family
(microtype)             `LibertinusMath-Regular.otf' (encoding: TU).
(microtype)             For optimal results, create family-specific settings.
(microtype)             See the microtype manual for details.
LaTeX Font Info:    Font shape `TU/LibertinusMath-Regular.otf(1)/m/n' will be
(Font)              scaled to size 8.30396pt on input line 265.
LaTeX Font Info:    Font shape `TU/LibertinusMath-Regular.otf(1)/m/n' will be
(Font)              scaled to size 6.22797pt on input line 265.
LaTeX Font Info:    Font shape `TU/LibertinusMath-Regular.otf(2)/m/n' will be
(Font)              scaled to size 12.45703pt on input line 265.
LaTeX Font Info:    Font shape `TU/LibertinusMath-Regular.otf(2)/m/n' will be
(Font)              scaled to size 8.30469pt on input line 265.
LaTeX Font Info:    Font shape `TU/LibertinusMath-Regular.otf(2)/m/n' will be
(Font)              scaled to size 6.22852pt on input line 265.
LaTeX Font Info:    Font shape `TU/LibertinusMath-Regular.otf(3)/m/n' will be
(Font)              scaled to size 12.45465pt on input line 265.
LaTeX Font Info:    Font shape `TU/LibertinusMath-Regular.otf(3)/m/n' will be
(Font)              scaled to size 8.3031pt on input line 265.
LaTeX Font Info:    Font shape `TU/LibertinusMath-Regular.otf(3)/m/n' will be
(Font)              scaled to size 6.22733pt on input line 265.
(c:/texlive/2026/texmf-dist/tex/latex/microtype/mt-msa.cfg
File: mt-msa.cfg 2006/02/04 v1.1 microtype config. file: AMS symbols (a) (RS)
)
(c:/texlive/2026/texmf-dist/tex/latex/microtype/mt-msb.cfg
File: mt-msb.cfg 2005/06/01 v1.0 microtype config. file: AMS symbols (b) (RS)
)
Package microtype Info: Loading generic protrusion settings for font family
(microtype)             `latinmodern-math.otf' (encoding: TU).
(microtype)             For optimal results, create family-specific settings.
(microtype)             See the microtype manual for details.
LaTeX Font Info:    Font shape `TU/LinLibertine(0)/m/n' will be
(Font)              scaled to size 8.0pt on input line 265.
LaTeX Font Info:    Font shape `TU/LinLibertine(0)/m/n' will be
(Font)              scaled to size 10.0pt on input line 265.
File: sampleteaser.pdf Graphic file (type pdf)
<use sampleteaser.pdf>
LaTeX Font Info:    Font shape `TU/LinLibertine(0)/b/n' will be
(Font)              scaled to size 9.0pt on input line 265.
LaTeX Font Info:    Font shape `TU/LinLibertine(0)/m/n' will be
(Font)              scaled to size 5.0pt on input line 265.
LaTeX Font Info:    Font shape `TU/LinLibertine(0)/m/it' will be
(Font)              scaled to size 7.0pt on input line 265.
LaTeX Font Info:    Font shape `TU/LinLibertine(0)/b/n' will be
(Font)              scaled to size 10.95pt on input line 265.
LaTeX Font Info:    Font shape `TU/LibertinusMath-Regular.otf(1)/m/n' will be
(Font)              scaled to size 7.47354pt on input line 265.
LaTeX Font Info:    Font shape `TU/LibertinusMath-Regular.otf(1)/m/n' will be
(Font)              scaled to size 5.60515pt on input line 265.
LaTeX Font Info:    Font shape `TU/LibertinusMath-Regular.otf(2)/m/n' will be
(Font)              scaled to size 9.34277pt on input line 265.
LaTeX Font Info:    Font shape `TU/LibertinusMath-Regular.otf(2)/m/n' will be
(Font)              scaled to size 7.47421pt on input line 265.
LaTeX Font Info:    Font shape `TU/LibertinusMath-Regular.otf(2)/m/n' will be
(Font)              scaled to size 5.60565pt on input line 265.
LaTeX Font Info:    Font shape `TU/LibertinusMath-Regular.otf(3)/m/n' will be
(Font)              scaled to size 9.34099pt on input line 265.
LaTeX Font Info:    Font shape `TU/LibertinusMath-Regular.otf(3)/m/n' will be
(Font)              scaled to size 7.47278pt on input line 265.
LaTeX Font Info:    Font shape `TU/LibertinusMath-Regular.otf(3)/m/n' will be
(Font)              scaled to size 5.60458pt on input line 265.
LaTeX Font Info:    Font shape `TU/LinLibertine(0)/m/n' will be
(Font)              scaled to size 7.2pt on input line 265.
LaTeX Font Info:    Font shape `TU/LinLibertine(0)/m/it' will be
(Font)              scaled to size 9.0pt on input line 265.
LaTeX Font Info:    Font shape `TU/LinLibertine(0)/b/n' will be
(Font)              scaled to size 8.0pt on input line 265.
LaTeX Font Info:    Font shape `TU/LinLibertine(0)/m/it' will be
(Font)              scaled to size 8.0pt on input line 265.

Underfull \vbox (badness 10000) has occurred while \output is active []

 [1.1

]

Package xeCJK Warning: Unknown CJK family `\CJKttdefault' is being ignored.
(xeCJK)                
(xeCJK)                Try to use `\setCJKmonofont[<...>]{<...>}' to define
(xeCJK)                it.

Package microtype Info: Loading generic protrusion settings for font family
(microtype)             `inconsolata' (encoding: TU).
(microtype)             For optimal results, create family-specific settings.
(microtype)             See the microtype manual for details.
LaTeX Font Info:    Font shape `TU/LinLibertine(0)/m/it' will be
(Font)              scaled to size 7.2pt on input line 296.

Overfull \hbox (1.18477pt too wide) in paragraph at lines 334--338
[]\TU/inconsolata(0)/m/n/9 anonymous,review\TU/LinLibertine(0)/m/n/9 : Suitable
 for a “double-anonymous” con-
 []


Overfull \hbox (3.76326pt too wide) in paragraph at lines 334--338
\TU/LinLibertine(0)/m/n/9 numbers. Use with the \TU/inconsolata(0)/m/n/9 \acmSu
bmissionID \TU/LinLibertine(0)/m/n/9 command to print
 []

LaTeX Font Info:    Font shape `TU/LinBiolinum(0)/m/n' will be
(Font)              scaled to size 9.0pt on input line 413.
LaTeX Font Info:    Font shape `TU/LinBiolinum(0)/m/n' will be
(Font)              scaled to size 7.0pt on input line 413.
[2.2]
Overfull \hbox (11.2925pt too wide) in paragraph at lines 469--474
\TU/LinLibertine(0)/m/n/9 Your work should use standard L[]T[]X sectioning comm
ands: [][]\TU/inconsolata(0)/m/n/9 \section[]\TU/LinLibertine(0)/m/n/9 ,
 []

LaTeX Font Info:    Font shape `TU/LinBiolinum(0)/m/it' will be
(Font)              scaled to size 9.0pt on input line 488.

LaTeX Warning: Citation 'Lamport:LaTeX' on page 3 undefined on input line 576.

LaTeX Font Info:    Font shape `TU/LinLibertine(1)/m/n' will be
(Font)              scaled to size 9.0pt on input line 579.
LaTeX Font Info:    Font shape `TU/LinLibertine(1)/m/n' will be
(Font)              scaled to size 7.2pt on input line 579.
LaTeX Font Info:    Font shape `TU/LinLibertine(1)/m/n' will be
(Font)              scaled to size 5.4pt on input line 579.
[3.3]
File: sample-franklin.png Graphic file (type bmp)
<sample-franklin.png>


LaTeX Warning: `h' float specifier changed to `ht'.


LaTeX Font Warning: Font shape `TU/SimSun(0)/b/n' undefined
(Font)              using `TU/SimSun(0)/m/n' instead on input line 636.


Overfull \hbox (9.57602pt too wide) in paragraph at lines 634--647
\TU/LinLibertine(1)/m/n/9 2000 characters long (including spaces). \TU/LinLiber
tine(0)/b/n/9 Figure descriptions should
 []


Overfull \hbox (1.328pt too wide) in paragraph at lines 679--685
[]\TU/LinLibertine(1)/m/n/9 The command [][]\TU/inconsolata(0)/m/n/9 \addbibres
ource{bibfile} []\TU/LinLibertine(1)/m/n/9 declares the BibT[]X
 []


Overfull \hbox (15.54152pt too wide) in paragraph at lines 679--685
\TU/LinLibertine(1)/m/n/9 file to use in the \TU/LinLibertine(0)/b/n/9 preamble
 \TU/LinLibertine(1)/m/n/9 (before the command “[][]\TU/inconsolata(0)/m/n/9 \b
egin{document}[]\TU/LinLibertine(1)/m/n/9 ”)
 []

[4.4]

LaTeX Warning: Citation 'Abril07' on page 5 undefined on input line 693.


LaTeX Warning: Citation 'Cohen07' on page 5 undefined on input line 694.


LaTeX Warning: Citation 'JCohen96' on page 5 undefined on input line 695.


LaTeX Warning: Citation 'Kosiur01' on page 5 undefined on input line 695.


LaTeX Warning: Citation 'Harel79' on page 5 undefined on input line 697.


LaTeX Warning: Citation 'Editor00' on page 5 undefined on input line 698.


LaTeX Warning: Citation 'Editor00a' on page 5 undefined on input line 699.


LaTeX Warning: Citation 'Spector90' on page 5 undefined on input line 701.


LaTeX Warning: Citation 'Douglass98' on page 5 undefined on input line 702.


LaTeX Warning: Citation 'Knuth97' on page 5 undefined on input line 703.


LaTeX Warning: Citation 'Andler79' on page 5 undefined on input line 705.


LaTeX Warning: Citation 'Hagerup1993' on page 5 undefined on input line 705.


LaTeX Warning: Citation 'Smith10' on page 5 undefined on input line 706.


LaTeX Warning: Citation 'VanGundy07' on page 5 undefined on input line 707.


LaTeX Warning: Citation 'Harel78' on page 5 undefined on input line 708.


LaTeX Warning: Citation 'Bornmann2019' on page 5 undefined on input line 709.


LaTeX Warning: Citation 'AnzarootPBM14' on page 5 undefined on input line 709.


LaTeX Warning: Citation 'Clarkson85' on page 5 undefined on input line 709.


LaTeX Warning: Citation 'anisi03' on page 5 undefined on input line 710.


LaTeX Warning: Citation 'Thornburg01' on page 5 undefined on input line 711.


LaTeX Warning: Citation 'Ablamowicz07' on page 5 undefined on input line 711.


LaTeX Warning: Citation 'Poker06' on page 5 undefined on input line 711.


LaTeX Warning: Citation 'Obama08' on page 5 undefined on input line 712.


LaTeX Warning: Citation 'Novak03' on page 5 undefined on input line 712.


LaTeX Warning: Citation 'Lee05' on page 5 undefined on input line 712.


LaTeX Warning: Citation 'JoeScientist001' on page 5 undefined on input line 713
.


LaTeX Warning: Citation 'rous08' on page 5 undefined on input line 714.


LaTeX Warning: Citation 'SaeediMEJ10' on page 5 undefined on input line 715.


LaTeX Warning: Citation 'SaeediJETC10' on page 5 undefined on input line 715.


LaTeX Warning: Citation 'Kirschmer:2010:AEI:1958016.1958018' on page 5 undefine
d on input line 717.


LaTeX Warning: Citation 'MR781536' on page 5 undefined on input line 718.


LaTeX Warning: Citation 'MR781537' on page 5 undefined on input line 718.


LaTeX Warning: Citation 'Reiser2014' on page 5 undefined on input line 719.


LaTeX Warning: Citation 'Baggett2025' on page 5 undefined on input line 720.


LaTeX Warning: Citation '2004:ITE:1009386.1010128' on page 5 undefined on input
 line 722.


LaTeX Warning: Citation 'Kirschmer:2010:AEI:1958016.1958018' on page 5 undefine
d on input line 722.


LaTeX Warning: Citation 'TUGInstmem' on page 5 undefined on input line 723.


LaTeX Warning: Citation 'Thornburg01' on page 5 undefined on input line 723.


LaTeX Warning: Citation 'CTANacmart' on page 5 undefined on input line 723.


LaTeX Warning: Citation 'UMassCitations' on page 5 undefined on input line 724.



LaTeX Warning: Citation 'cgal' on page 5 undefined on input line 725.


LaTeX Warning: Citation 'delebecque:hal-02090402' on page 5 undefined on input 
line 725.


LaTeX Warning: Citation 'gf-tag-sound-repo' on page 5 undefined on input line 7
25.


LaTeX Warning: Citation 'cgal:lp-gi-20a' on page 5 undefined on input line 725.



LaTeX Warning: Citation 'simplemapper' on page 5 undefined on input line 725.


Overfull \hbox (26.88263pt too wide) in paragraph at lines 693--726
\TU/LinLibertine(1)/m/n/9 [[]], a monograph (whole book) [[]], a monograph/whol
e
 []


Overfull \hbox (22.89636pt too wide) in paragraph at lines 693--726
\TU/LinLibertine(1)/m/n/9 for example) (paginated proceedings article) [[], []]
,
 []


Overfull \hbox (33.69055pt too wide) in paragraph at lines 693--726
\TU/LinLibertine(1)/m/n/9 formally published work [[]], a couple of preprints [
[],
 []


Overfull \hbox (15.62735pt too wide) in paragraph at lines 693--726
\TU/LinLibertine(1)/m/n/9 URLs (some SIAM articles) [[]].
 []


Overfull \hbox (69.55031pt too wide) in paragraph at lines 693--726
\TU/LinLibertine(1)/m/n/9 review [[]]. A couple of citations with DOIs: [[],
 []


Overfull \hbox (38.31802pt too wide) in paragraph at lines 693--726
[]\TU/LinLibertine(1)/m/n/9 ]. Online citations: [[],
 []


Overfull \hbox (2.4879pt too wide) in paragraph at lines 693--726
[]\TU/LinLibertine(1)/m/n/9 , []]. Data Artifacts: [[]].
 []


Overfull \hbox (10.13507pt too wide) in paragraph at lines 693--726
\TU/LinLibertine(1)/m/n/9 sion: [[]]. Software Module: [[]]. Code
 []


Overfull \hbox (4.05527pt too wide) in paragraph at lines 749--752
\TU/LinLibertine(1)/m/n/9 If your work needs an appendix, add it before the “[]
[]\TU/inconsolata(0)/m/n/9 \end{document}[]\TU/LinLibertine(1)/m/n/9 ”
 []


Underfull \vbox (badness 2096) has occurred while \output is active []


Overfull \hbox (16.85251pt too wide) in paragraph at lines 774--774
[]\TU/inconsolata(0)/m/n/9 \documentclass[sigconf, language=english, language=g
erman,[] 
 []

[5.5] Processing 'acks' comment.
\openout3 = `comment.cut'.

 Comment 'acks' writing to comment.cut.
Straight input of comment.cut. (./comment.cut)

LaTeX Warning: Empty bibliography on input line 878.


Overfull \hbox (1.8398pt too wide) in paragraph at lines 888--893
\TU/LinLibertine(1)/m/n/9 Lorem ipsum dolor sit amet, consectetur adipiscing el
it. Morbi male-
 []


Class acmart Warning: \vspace should only be used to provide space above/below 
surrounding objects on input line 914.


Package balance Warning: You have called \balance in second column
(balance)                Columns might not be balanced.

LaTeX Font Info:    Font shape `TU/LinLibertine(1)/m/n' will be
(Font)              scaled to size 12.0pt on input line 914.
LaTeX Font Info:    Font shape `TU/LinLibertine(1)/m/n' will be
(Font)              scaled to size 8.0pt on input line 914.
LaTeX Font Info:    Font shape `TU/LinLibertine(1)/m/n' will be
(Font)              scaled to size 6.0pt on input line 914.
(c:/texlive/2026/texmf-dist/tex/generic/stringenc/se-pdfdoc.def
File: se-pdfdoc.def 2019/11/29 v1.12 stringenc: PDFDocEncoding
)
(c:/texlive/2026/texmf-dist/tex/generic/stringenc/se-utf32be.def
File: se-utf32be.def 2019/11/29 v1.12 stringenc: UTF-32BE
) [6.6]
(./sigconf-biblatex.aux)
 ***********
LaTeX2e <2025-11-01>
L3 programming layer <2022/08/05>
 ***********


LaTeX Font Warning: Some font shapes were not available, defaults substituted.


LaTeX Warning: There were undefined references.

Package rerunfilecheck Info: File `sigconf-biblatex.out' has not changed.
(rerunfilecheck)             Checksum: 3AD425E546CCD9B993B89D68467318EB;4410.

Package biblatex Warning: Please (re)run Biber on the file:
(biblatex)                sigconf-biblatex
(biblatex)                and rerun LaTeX afterwards.

Package logreq Info: Writing requests to 'sigconf-biblatex.run.xml'.
\openout1 = `sigconf-biblatex.run.xml'.

 ) 
Here is how much of TeX's memory you used:
 41350 strings out of 468168
 831239 string characters out of 5436525
 1854354 words of memory out of 5000000
 69399 multiletter control sequences out of 15000+600000
 638886 words of font info for 172 fonts, out of 8000000 for 9000
 1509 hyphenation exceptions out of 8191
 105i,13n,131p,1013b,32909s stack positions out of 10000i,1000n,20000p,200000b,200000s

Output written on sigconf-biblatex.pdf (6 pages).
